{
  "operator": "dsa_topk_indexer_fp8_h64_d128_topk2048_ps64",
  "source": "expert",
  "environment": {
    "gpu": "B200",
    "backend": "modal",
    "cuda_version": "unknown",
    "measured_at": "2026-04-22T00:53:49"
  },
  "benchmark_config": {
    "warmup_runs": 3,
    "iterations": 5,
    "num_trials": 5
  },
  "workloads": {
    "30cecff1-7ea4-474b-90fc-7f4a87206d8e": {
      "reference_latency_ms": 0.111115
    },
    "cd594d26-4ac9-4b15-9305-f4c65c789c16": {
      "reference_latency_ms": 0.1068965
    },
    "44ddaa65-5d63-41d6-8849-7975b5f6efd5": {
      "reference_latency_ms": 0.10651783333333333
    },
    "b2098949-a0e4-4de5-9797-3d338dbc54b0": {
      "reference_latency_ms": 0.10755266666666667
    },
    "4667f9ad-92f3-4503-9eea-547a30e708dc": {
      "reference_latency_ms": 0.10544566666666666
    },
    "8f2fde6c-585d-48fd-86cb-3a004c2b7884": {
      "reference_latency_ms": 0.10698683333333332
    },
    "02fa7f90-88b6-4fa5-ba21-29b803c23309": {
      "reference_latency_ms": 0.10867733333333333
    },
    "545f8a85-3fe9-4604-898b-8b21b2cfdf11": {
      "reference_latency_ms": 0.10778716666666666
    },
    "e49574dd-5ee4-4e19-be85-fe41abae9a95": {
      "reference_latency_ms": 0.1074885
    },
    "0ebafac4-a597-4245-9ea9-14089ac4b8b3": {
      "reference_latency_ms": 0.11840033333333333
    },
    "82a8a885-ad69-4b9e-a1a9-dd9c0715db91": {
      "reference_latency_ms": 0.11713083333333334
    },
    "4279d75e-b93c-4198-9016-4d1d21e17bf2": {
      "reference_latency_ms": 0.10762683333333334
    },
    "83cb81c5-7304-449a-bead-8ce4a444e2df": {
      "reference_latency_ms": 0.10894983333333334
    },
    "d8a73470-cfa1-49ad-aba6-d9b99c0c5b2d": {
      "reference_latency_ms": 0.11471533333333334
    },
    "16feeab1-509f-49f2-b794-4ed42b843984": {
      "reference_latency_ms": 0.11348266666666666
    },
    "9754a4e7-3db5-4975-9ef4-3f3b6c61dc97": {
      "reference_latency_ms": 0.10486966666666668
    },
    "05775386-52aa-4abb-982d-0aee72dd2ff6": {
      "reference_latency_ms": 0.10561133333333332
    },
    "46f236c0-3aef-4628-ae2a-3b313986b9eb": {
      "reference_latency_ms": 0.11083233333333332
    },
    "d54c1568-87bd-4edf-a329-f0ee35091e45": {
      "reference_latency_ms": 0.10308833333333334
    },
    "17ced9b8-339a-4725-ad28-ce52a0fead0f": {
      "reference_latency_ms": 0.13129083333333333
    },
    "cd3434ac-bdda-4c73-98ff-c746b236b856": {
      "reference_latency_ms": 0.12001099999999999
    },
    "101a39ac-6465-45d8-88c5-b58dc3bc6398": {
      "reference_latency_ms": 0.117979
    },
    "55be3dc3-b010-40b9-9591-c5349849f4e9": {
      "reference_latency_ms": 0.11755800000000001
    },
    "ef12ac76-832a-439b-9c87-ce33f311e125": {
      "reference_latency_ms": 0.13786183333333332
    },
    "4c7705ad-0954-4628-a978-a51a895aa008": {
      "reference_latency_ms": 0.14626166666666665
    },
    "ef0d0deb-ac85-4d72-90ce-a811f2774c10": {
      "reference_latency_ms": 0.14524816666666665
    },
    "28a9fa48-97c3-4d60-b7c2-ffeb230c9f1a": {
      "reference_latency_ms": 0.15682733333333332
    },
    "899c2d2f-540c-432f-9944-e29d4cc6fe87": {
      "reference_latency_ms": 0.15216033333333334
    },
    "03fc111f-0f63-4ca1-9765-cbaca21ada2b": {
      "reference_latency_ms": 0.1443735
    },
    "b017f77a-7e57-4ab6-aa43-b82eabc3812f": {
      "reference_latency_ms": 0.171158
    },
    "82bd3e70-4d7d-44a0-b97e-b5db535fca9e": {
      "reference_latency_ms": 0.15293916666666665
    },
    "f897f64e-68b7-4f23-a2c5-bba516828f43": {
      "reference_latency_ms": 0.146331
    },
    "df80c00b-9bc2-4fac-82aa-101301d4c2dd": {
      "reference_latency_ms": 0.11542966666666667
    },
    "99920dc5-e1af-4083-a358-66ea4f897e05": {
      "reference_latency_ms": 0.15469366666666665
    },
    "9410ad1e-e4f6-4911-bc96-0931dcb00838": {
      "reference_latency_ms": 0.143787
    },
    "3e91afa0-0ef1-4e98-8ed5-6517c131c9f0": {
      "reference_latency_ms": 0.15429366666666666
    },
    "9a2bb7f8-b1f9-43d6-91c4-cafac5ec581e": {
      "reference_latency_ms": 0.15755233333333332
    },
    "2774963f-026a-4284-9189-228676fc3f70": {
      "reference_latency_ms": 0.15468316666666668
    },
    "e64a4ebc-1b1b-4ec3-8c67-a9a87533946c": {
      "reference_latency_ms": 0.1535525
    },
    "a4cdaee6-2c3e-46fa-a60a-fef4ccf4c30b": {
      "reference_latency_ms": 0.11155766666666667
    },
    "6caf09cf-7a2e-47e0-96fa-67807366fd37": {
      "reference_latency_ms": 0.11626199999999999
    },
    "7752dda1-9d4d-4383-813b-c125ad3d038a": {
      "reference_latency_ms": 0.11090149999999999
    },
    "67216408-b49b-4e43-bf07-4136968b3b82": {
      "reference_latency_ms": 0.15798466666666666
    },
    "8638fe06-e733-482f-99b8-946abcdfad11": {
      "reference_latency_ms": 0.11891233333333333
    },
    "d04ea89f-d4c1-4fb5-8313-fb17cac68f75": {
      "reference_latency_ms": 0.11200066666666668
    },
    "13dad24c-6482-436a-bb10-b54c3280a0a6": {
      "reference_latency_ms": 0.111494
    },
    "1152c61f-09db-4fc6-b22a-698247cd8ce6": {
      "reference_latency_ms": 0.10917366666666665
    },
    "77279062-1275-41d8-9184-210994a8b4d7": {
      "reference_latency_ms": 0.11268283333333333
    },
    "9c313fc4-4453-4dc8-b4c6-ccfde2148490": {
      "reference_latency_ms": 0.118075
    },
    "8f3fe9ff-ce2a-4262-96e8-b2190f763fbb": {
      "reference_latency_ms": 0.11148833333333334
    },
    "06ec358c-604b-4ca6-acd5-9c1953750fb3": {
      "reference_latency_ms": 0.10401083333333334
    },
    "8f1a5846-5499-40c7-9904-6887fda49a80": {
      "reference_latency_ms": 0.1076535
    },
    "3240d5fa-9321-4bc1-b4bf-225416da1e2c": {
      "reference_latency_ms": 0.10785616666666666
    },
    "c729310b-1f3a-4245-ac81-ac366d57b0e3": {
      "reference_latency_ms": 0.10924299999999999
    },
    "81a953ea-f29f-4707-8456-67a3624a549d": {
      "reference_latency_ms": 0.11689100000000001
    },
    "09bb020f-60d4-4393-a3df-765fd51011d4": {
      "reference_latency_ms": 0.11665666666666667
    },
    "e515e20a-6dd7-44fe-9094-56be36424806": {
      "reference_latency_ms": 0.110267
    },
    "10b4eebe-e458-410a-8b99-2784429c43b2": {
      "reference_latency_ms": 0.108267
    },
    "1ece7fb3-be8d-42d3-923d-f5a85846ddee": {
      "reference_latency_ms": 0.13110433333333335
    },
    "9810dadf-1fe0-48ab-a1c1-d1e0e01f233e": {
      "reference_latency_ms": 0.194411
    },
    "9a95a10e-bd5a-406a-a1d1-891c941343ce": {
      "reference_latency_ms": 0.124955
    },
    "696dbfa4-e56c-4a09-a907-2abbad6de073": {
      "reference_latency_ms": 0.115568
    },
    "ee603b53-f9d6-4210-a83a-caf6219a8a8b": {
      "reference_latency_ms": 0.11667749999999999
    },
    "70d53807-f4ba-4c16-a0be-8a1f9137e8e6": {
      "reference_latency_ms": 0.116923
    },
    "19e7663d-29d7-4f96-9262-9c7bc068fadd": {
      "reference_latency_ms": 0.11486983333333334
    },
    "ed3e595b-e3ba-4049-9ee9-a51b460ceff5": {
      "reference_latency_ms": 0.1153175
    },
    "e4ecb462-e2be-41b3-8efc-795f49ef07bf": {
      "reference_latency_ms": 0.1166725
    },
    "f1fc35d4-3052-49b2-ad6e-1f715a61a4cb": {
      "reference_latency_ms": 0.11480566666666665
    },
    "67c09e9c-3f31-485f-9aef-983979a90038": {
      "reference_latency_ms": 0.11377083333333333
    },
    "786b5173-e297-4ec3-82fa-450e9c79fb7d": {
      "reference_latency_ms": 0.1160645
    },
    "08a752fc-53b8-4335-b08f-ddb2c71eae65": {
      "reference_latency_ms": 0.11800533333333334
    },
    "cdc0ff86-2eaa-4d2a-905d-2e14ee189011": {
      "reference_latency_ms": 0.11737133333333334
    },
    "f457feb2-6bf5-4be0-952d-580bf0b5f8b9": {
      "reference_latency_ms": 0.11666716666666666
    },
    "e977c163-09a3-42aa-9d38-e629b67ee46a": {
      "reference_latency_ms": 0.11258699999999999
    },
    "6bdb38e6-2ce5-4f77-bef8-b87a7f0cc525": {
      "reference_latency_ms": 0.115307
    },
    "e26d02ef-5606-4bbf-a397-d9a75d41312b": {
      "reference_latency_ms": 0.11438983333333334
    },