{
  "timestamp": "2026-05-21T17:58:07.647961",
  "backend": "modal-b200",
  "n_runs": 3,
  "solution_name": "gqa_paged_decode_h32_kv8_d128_ps1-solution",
  "definition": "gqa_paged_decode_h32_kv8_d128_ps1",
  "scores": [
    1.4388747939792843,
    1.4475858201061318,
    1.4462408792585884
  ],
  "score_mean": 1.444233831114668,
  "score_std": 0.004689528306201491,
  "score_cv": 0.0032470699724448954,
  "score_min": 1.4388747939792843,
  "score_max": 1.4475858201061318,
  "per_workload": {
    "127a80a4-a680-4c06-add6-99227d33b2b6": {
      "mean": 1.3416929446769148,
      "std": 0.0836448144874995,
      "cv": 0.0623427400578912,
      "n": 3
    },
    "db2de7f1-0077-4ddc-817d-9e7dc2d9e51a": {
      "mean": 1.3033072094990494,
      "std": 0.06366086342499229,
      "cv": 0.048845631299363056,
      "n": 3
    },
    "f248b828-81ae-47f7-bd2e-0ea51ec2e316": {
      "mean": 1.3395018990115575,
      "std": 0.06358117760085087,
      "cv": 0.047466284032720345,
      "n": 3
    },
    "cd36924a-dd24-4898-b4a6-d7cb6c62a52a": {
      "mean": 1.3452564566765137,
      "std": 0.057862570231282585,
      "cv": 0.04301229698182112,
      "n": 3
    },
    "8a1fd5df-d694-4390-83c4-3a6ff4725432": {
      "mean": 1.33206805948937,
      "std": 0.05527816247358352,
      "cv": 0.04149800160719539,
      "n": 3
    },
    "85fac3ed-ed41-490c-9de6-f906755f8e9b": {
      "mean": 1.350614917712889,
      "std": 0.05478334532015932,
      "cv": 0.04056178012081239,
      "n": 3
    },
    "f31598f9-8cf2-4ecb-85ba-a3e2bb7c8f0b": {
      "mean": 1.3650136224129077,
      "std": 0.044563457674621255,
      "cv": 0.03264689593049431,
      "n": 3
    },
    "16e73fbc-bff9-4da3-82aa-cb810b535f58": {
      "mean": 1.3422788971594446,
      "std": 0.04184348301186205,
      "cv": 0.03117346409931051,
      "n": 3
    },
    "d2c89e1d-d79e-40b0-809a-b08fe4d2b50e": {
      "mean": 1.3308350220564344,
      "std": 0.035433025213548776,
      "cv": 0.02662465641969424,
      "n": 3
    },
    "0ea2f83b-bed0-449d-841f-6aebe3c34002": {
      "mean": 1.3700495799011794,
      "std": 0.02350113236692755,
      "cv": 0.017153490436910078,
      "n": 3
    },
    "ebe29c4a-2bbc-49df-88ea-02426250269e": {
      "mean": 1.3531419230087198,
      "std": 0.023063312275534254,
      "cv": 0.017044267037601517,
      "n": 3
    },
    "7e5dca40-aa7a-4128-ba16-359c7218a5e7": {
      "mean": 1.0740260841107976,
      "std": 0.013458131868805043,
      "cv": 0.012530544712000392,
      "n": 3
    },
    "cc152036-c9f2-4286-a344-0a6b309e3d31": {
      "mean": 1.4962190960003283,
      "std": 0.0182645882572054,
      "cv": 0.012207161575487199,
      "n": 3
    },
    "5aecf120-af05-4f10-a4a3-5d9fa59c8784": {
      "mean": 1.3918777878718465,
      "std": 0.016980238805230346,
      "cv": 0.01219951848731834,
      "n": 3
    },
    "d58b7e5a-3f37-4ffb-9b7d-b346be0f3b58": {
      "mean": 1.198135081082884,
      "std": 0.01369794903828775,
      "cv": 0.011432725119698053,
      "n": 3
    },
    "d8826343-1f8a-4221-919b-c5617e45e03a": {
      "mean": 1.6949686560882555,
      "std": 0.01937379779550045,
      "cv": 0.011430180567593736,
      "n": 3
    },
    "62aad293-0e5f-440f-84b5-f2de59b14f6f": {
      "mean": 1.1789276752669942,
      "std": 0.013158376253635794,
      "cv": 0.011161309153808599,
      "n": 3
    },
    "39ca5ed6-85af-4435-a3aa-05933a316ac1": {
      "mean": 1.366774344747934,
      "std": 0.010742328389093435,
      "cv": 0.007859621034278763,
      "n": 3
    },
    "be0e9c07-d051-424b-ad4b-eac7cadf8a8e": {
      "mean": 1.0508465585762539,
      "std": 0.006506279245154751,
      "cv": 0.006191464578777157,
      "n": 3
    },
    "233743f3-440b-45af-ae7c-828eaba7f438": {
      "mean": 0.8122657882538982,
      "std": 0.003959920053726984,
      "cv": 0.0048751530730347485,
      "n": 3
    },
    "1ae14253-ba9f-4c01-ba80-d7684c79503e": {
      "mean": 1.2792646348717185,
      "std": 0.00615947562718843,
      "cv": 0.004814856488083943,
      "n": 3
    },
    "2f08e877-5dff-443b-b146-0c7c2b9d5e1e": {
      "mean": 1.4261839824392726,
      "std": 0.006259446869291802,
      "cv": 0.004388947671804561,
      "n": 3
    },
    "13bd6f6d-915f-4653-9a77-8dbf7c35fb75": {
      "mean": 1.3623550777066544,
      "std": 0.005432535492101953,
      "cv": 0.003987606154224428,
      "n": 3
    },
    "434980b4-9192-405d-a280-371854923614": {
      "mean": 1.240389798422666,
      "std": 0.003807879708333544,
      "cv": 0.0030699056967219583,
      "n": 3
    },
    "aa937325-bbb9-453a-9f29-eae807deeff3": {
      "mean": 1.3929672034618155,
      "std": 0.0041622381584933005,
      "cv": 0.0029880374413333395,
      "n": 3
    },
    "55b7d182-cd32-4c5c-b8e0-127a85c64e03": {
      "mean": 1.3654940194161183,
      "std": 0.0037016242102874287,
      "cv": 0.002710831506878539,
      "n": 3
    },
    "2849bdc5-329b-43b3-af42-fdabec986ae3": {
      "mean": 1.3080170060330731,
      "std": 0.003148751090918293,
      "cv": 0.0024072707590154043,
      "n": 3
    },
    "86584e1f-5871-4069-a4c2-ef4be5903f60": {
      "mean": 1.4332330852498432,
      "std": 0.003429218954354691,
      "cv": 0.0023926456831387653,
      "n": 3
    },
    "e2142798-a0ce-49dd-9eaa-72727ad69f0f": {
      "mean": 1.480819608585129,
      "std": 0.003043878818526262,
      "cv": 0.0020555365426546323,
      "n": 3
    },
    "1e15ed03-50f2-4b20-a6bb-3e3ff382747f": {
      "mean": 0.9428275247602744,
      "std": 0.0011114831056377005,
      "cv": 0.0011788827505012742,
      "n": 3
    },
    "ccdc67b6-94de-4838-9ed7-f01d18c67c67": {
      "mean": 1.0418347178306895,
      "std": 0.0011587592655993915,
      "cv": 0.0011122294599782223,
      "n": 3
    },
    "12b921da-3478-4b47-8c38-0c252d5bfbbd": {
      "mean": 1.7320987249793887,
      "std": 0.0011495277440441687,
      "cv": 0.000663661792175182,
      "n": 3
    },
    "43de6e71-3ff8-4cdd-9c96-b33ccaf99b1f": {
      "mean": 1.7628447030404029,
      "std": 0.000993703660766941,
      "cv": 0.0005636932504905773,
      "n": 3
    },
    "d562ca35-75a3-4945-9147-6d0ce0f88abf": {
      "mean": 1.7509862852251983,
      "std": 0.0009776496496542734,
      "cv": 0.0005583422656725925,
      "n": 3
    },
    "556fea1d-30dd-4f5c-a336-97a3c0c2f8c1": {
      "mean": 1.811705301250873,
      "std": 0.0008945342942955775,
      "cv": 0.0004937526504326922,
      "n": 3
    },
    "d4415ca7-5414-4780-8623-5723e298054e": {
      "mean": 1.690646847034427,
      "std": 0.0007399320411483905,
      "cv": 0.0004376620951006471,
      "n": 3
    },
    "cfccc048-cb5f-4d59-a60e-1e10baa63378": {
      "mean": 1.6378924026294126,
      "std": 0.0006800867196008827,
      "cv": 0.0004152206326307493,
      "n": 3
    },
    "116916f0-0dd6-4bcd-899e-b74b40cb1e2d": {
      "mean": 1.7550931882359244,
      "std": 0.0007032609938622623,
      "cv": 0.00040069723851479503,
      "n": 3
    },
    "d78eb414-b01a-42ed-9f99-489142277121": {
      "mean": 1.7688909675409903,
      "std": 0.0006854768820221183,
      "cv": 0.00038751788244757024,
      "n": 3
    },
    "7077cfb4-4f91-4a5c-bf64-91412a649fb0": {
      "mean": 1.7806051233946805,
      "std": 0.000609147434295934,
      "cv": 0.0003421013599773369,
      "n": 3
    },
    "9608dc13-942a-41bb-9533-af6577a757fe": {
      "mean": 1.7703084579086699,
      "std": 0.0005669074315692523,
      "cv": 0.0003202308778657482,
      "n": 3
    },
    "817a4061-fb48-41ff-8bf2-aed83ac93bf1": {
      "mean": 1.8220615343487399,
      "std": 0.0005654300218111068,
      "cv": 0.00031032432832363624,
      "n": 3
    },
    "486d0874-6f47-4c43-91fb-b5682d2a6fed": {
      "mean": 1.8297201829317216,
      "std": 0.0005246599544642359,
      "cv": 0.00028674327329306955,
      "n": 3
    },
    "4b6e577b-6c46-44c2-bf33-86a834f76a1b": {
      "mean": 1.087771073539773,
      "std": 0.0002815223310153684,
      "cv": 0.00025880659806410533,
      "n": 3
    },