{
  "timestamp": "2026-05-23T18:45:50.922584",
  "backend": "modal-b200",
  "n_runs": 3,
  "solution_name": "moe_fp8_block_scale_ds_routing_topk8_ng8_kg4_e32_h7168_i2048-solution",
  "definition": "moe_fp8_block_scale_ds_routing_topk8_ng8_kg4_e32_h7168_i2048",
  "scores": [
    1.3106578989553712,
    1.3096076370807574,
    1.3093213009490015
  ],
  "score_mean": 1.3098622789950434,
  "score_std": 0.0007037438710506149,
  "score_cv": 0.0005372655448865536,
  "score_min": 1.3093213009490015,
  "score_max": 1.3106578989553712,
  "per_workload": {
    "2e69caee-ae5c-473b-aa99-5dc6659829d4": {
      "mean": 1.735131465905862,
      "std": 0.00654971196050605,
      "cv": 0.0037747640966712772,
      "n": 3
    },
    "a7c2bcfd-a2f4-479e-8d32-200115df89cf": {
      "mean": 1.452621476096156,
      "std": 0.005260571988909901,
      "cv": 0.00362143343980251,
      "n": 3
    },
    "8cba5890-4288-448a-93b8-42c14c6b9420": {
      "mean": 1.391812542924491,
      "std": 0.003394979763231867,
      "cv": 0.0024392507313508614,
      "n": 3
    },
    "6230e838-67ca-41dd-a9d6-6f36b7676c6b": {
      "mean": 1.2595095305922122,
      "std": 0.002359724144822671,
      "cv": 0.0018735262318445068,
      "n": 3
    },
    "e05c6c03-5603-4a1c-b34c-dcce0ecaeea4": {
      "mean": 1.4997338572581664,
      "std": 0.0017906114869466123,
      "cv": 0.0011939528325513916,
      "n": 3
    },
    "b8f4f012-a32e-4356-b4e1-7665b3d598af": {
      "mean": 1.5741689787230488,
      "std": 0.0016356310200314698,
      "cv": 0.001039044119239523,
      "n": 3
    },
    "58a34f27-7995-4155-8b46-f60a7225e20e": {
      "mean": 1.0649460491045697,
      "std": 0.0008081582739395219,
      "cv": 0.0007588725030897474,
      "n": 3
    },
    "fc378037-e8fa-4305-b00f-4af47933fd53": {
      "mean": 1.2482923168706632,
      "std": 0.00036018798671690923,
      "cv": 0.00028854458354743575,
      "n": 3
    },
    "76010cb4-f73c-4145-8365-8642a2ce99de": {
      "mean": 1.2680732107674018,
      "std": 0.00034450648352266024,
      "cv": 0.000271677124473101,
      "n": 3
    },
    "5e8dc11c-f2a9-42d5-8dce-9419cbf34d5d": {
      "mean": 1.0849055600664763,
      "std": 0.000289184758621521,
      "cv": 0.00026655293259240145,
      "n": 3
    },
    "74d7ff04-0365-4cf8-a824-ce61b7131dea": {
      "mean": 1.230774712229875,
      "std": 0.00029080874602457023,
      "cv": 0.00023628105382315912,
      "n": 3
    },
    "81955b1e-086f-49c1-9f40-a18a5aaf509d": {
      "mean": 1.2260257029011465,
      "std": 0.00027300602479509047,
      "cv": 0.00022267561287587682,
      "n": 3
    },
    "1a4c6ba1-3cd2-4d7d-b716-84f2d52b69fc": {
      "mean": 1.1533141631737354,
      "std": 0.0002294640106193844,
      "cv": 0.000198960541668834,
      "n": 3
    },
    "8f1ff9f1-6747-41d1-a1d8-2868cdacf893": {
      "mean": 1.2513651377891073,
      "std": 0.00021217028677770472,
      "cv": 0.00016955106097374896,
      "n": 3
    },
    "e626d3e6-6c29-4fd8-bb7c-5b09eec61702": {
      "mean": 1.2491727274061997,
      "std": 0.00016788327649311323,
      "cv": 0.00013439556660967814,
      "n": 3
    },
    "4822167c-dae5-4bb1-bb53-e4adb256245b": {
      "mean": 1.229352099445439,
      "std": 0.00015504344020183925,
      "cv": 0.00012611800986208865,
      "n": 3
    },
    "eedc63b2-c03b-4cf2-8d16-1f46566e3af7": {
      "mean": 1.335518638735557,
      "std": 0.00014516343163292688,
      "cv": 0.00010869442583771408,
      "n": 3
    },
    "f7d6ac7c-24ec-47e4-aefc-4863a5e3e1d9": {
      "mean": 1.3013122378793127,
      "std": 0.00013627663546197303,
      "cv": 0.00010472247282024847,
      "n": 3
    },
    "5eadab1e-a0e3-4966-b0fd-1115cd77497c": {
      "mean": 1.331352893036402,
      "std": 1.3418642218449125e-05,
      "cv": 1.0078952236206416e-05,
      "n": 3
    }
  },
  "per_group": {
    "1": {
      "mean": 1.4997338572581664,
      "std": 0.0017906114869466123,
      "cv": 0.0011939528325513916,
      "n": 3
    },
    "7": {
      "mean": 1.5741689787230488,
      "std": 0.0016356310200314698,
      "cv": 0.001039044119239523,
      "n": 3
    },
    "14": {
      "mean": 1.391812542924491,
      "std": 0.003394979763231867,
      "cv": 0.0024392507313508614,
      "n": 3
    },
    "15": {
      "mean": 1.735131465905862,
      "std": 0.00654971196050605,
      "cv": 0.0037747640966712772,
      "n": 3
    },
    "16": {
      "mean": 1.452621476096156,
      "std": 0.005260571988909901,
      "cv": 0.00362143343980251,
      "n": 3
    },
    "32": {
      "mean": 1.2595095305922122,
      "std": 0.002359724144822671,
      "cv": 0.0018735262318445068,
      "n": 3
    },
    "52": {
      "mean": 1.3013122378793127,
      "std": 0.00013627663546197303,
      "cv": 0.00010472247282024847,
      "n": 3
    },
    "53": {
      "mean": 1.2482923168706632,
      "std": 0.00036018798671690923,
      "cv": 0.00028854458354743575,
      "n": 3
    },
    "54": {
      "mean": 1.2680732107674018,
      "std": 0.00034450648352266024,
      "cv": 0.000271677124473101,
      "n": 3
    },
    "55": {
      "mean": 1.2260257029011465,
      "std": 0.00027300602479509047,
      "cv": 0.00022267561287587682,
      "n": 3
    },
    "56": {
      "mean": 1.229352099445439,
      "std": 0.00015504344020183925,
      "cv": 0.00012611800986208865,
      "n": 3
    },
    "57": {
      "mean": 1.230774712229875,
      "std": 0.00029080874602457023,
      "cv": 0.00023628105382315912,
      "n": 3
    },
    "58": {
      "mean": 1.2491727274061997,
      "std": 0.00016788327649311323,
      "cv": 0.00013439556660967814,
      "n": 3
    },
    "59": {
      "mean": 1.335518638735557,
      "std": 0.00014516343163292688,
      "cv": 0.00010869442583771408,
      "n": 3
    },
    "62": {
      "mean": 1.331352893036402,
      "std": 1.3418642218449125e-05,
      "cv": 1.0078952236206416e-05,
      "n": 3
    },
    "80": {
      "mean": 1.2513651377891073,
      "std": 0.00021217028677770472,
      "cv": 0.00016955106097374896,
      "n": 3
    },
    "901": {
      "mean": 1.1533141631737354,
      "std": 0.0002294640106193844,
      "cv": 0.000198960541668834,
      "n": 3
    },
    "11948": {
      "mean": 1.0649460491045697,
      "std": 0.0008081582739395219,
      "cv": 0.0007588725030897474,
      "n": 3
    },
    "14107": {
      "mean": 1.0849055600664763,
      "std": 0.000289184758621521,
      "cv": 0.00026655293259240145,
      "n": 3
    }
  },
  "group_axis": "seq_len"
}