{
  "timestamp": "2026-04-22T21:44:08.224054",
  "backend": "modal-b200",
  "n_runs": 3,
  "solution_name": "moe_fp8_block_scale_ds_routing_topk8_ng8_kg4_e32_h7168_i2048-solution",
  "definition": "moe_fp8_block_scale_ds_routing_topk8_ng8_kg4_e32_h7168_i2048",
  "scores": [
    1.0211343264370016,
    1.0220389371352916,
    1.0231456233075011
  ],
  "score_mean": 1.022106295626598,
  "score_std": 0.0010073388953493214,
  "score_cv": 0.0009855519916661666,
  "score_min": 1.0211343264370016,
  "score_max": 1.0231456233075011,
  "per_workload": {
    "8cba5890-4288-448a-93b8-42c14c6b9420": {
      "mean": 1.0535273940849543,
      "std": 0.00940940341395178,
      "cv": 0.008931332461577192,
      "n": 3
    },
    "a7c2bcfd-a2f4-479e-8d32-200115df89cf": {
      "mean": 1.0026366426241702,
      "std": 0.00879171161497489,
      "cv": 0.008768591971628537,
      "n": 3
    },
    "6230e838-67ca-41dd-a9d6-6f36b7676c6b": {
      "mean": 1.0238186014081463,
      "std": 0.00845185572150763,
      "cv": 0.008255227742378447,
      "n": 3
    },
    "e05c6c03-5603-4a1c-b34c-dcce0ecaeea4": {
      "mean": 0.9958301297189047,
      "std": 0.005044976124797768,
      "cv": 0.005066101109254271,
      "n": 3
    },
    "f7d6ac7c-24ec-47e4-aefc-4863a5e3e1d9": {
      "mean": 0.9931009812156605,
      "std": 0.001973721504620701,
      "cv": 0.0019874328411242305,
      "n": 3
    },
    "eedc63b2-c03b-4cf2-8d16-1f46566e3af7": {
      "mean": 0.9386422321387445,
      "std": 0.001403783045509023,
      "cv": 0.001495546436591108,
      "n": 3
    },
    "2e69caee-ae5c-473b-aa99-5dc6659829d4": {
      "mean": 1.0806639859404379,
      "std": 0.0014200859077831403,
      "cv": 0.0013140864563440816,
      "n": 3
    },
    "74d7ff04-0365-4cf8-a824-ce61b7131dea": {
      "mean": 0.9766010436345274,
      "std": 0.0008502271847617114,
      "cv": 0.0008705982758297064,
      "n": 3
    },
    "b8f4f012-a32e-4356-b4e1-7665b3d598af": {
      "mean": 1.074949487538604,
      "std": 0.0009200308054790275,
      "cv": 0.0008558828262579054,
      "n": 3
    },
    "1a4c6ba1-3cd2-4d7d-b716-84f2d52b69fc": {
      "mean": 0.9177007497040157,
      "std": 0.0006460935838226655,
      "cv": 0.0007040351487465264,
      "n": 3
    },
    "81955b1e-086f-49c1-9f40-a18a5aaf509d": {
      "mean": 0.980130468700654,
      "std": 0.0006747485619684084,
      "cv": 0.0006884272895453538,
      "n": 3
    },
    "5eadab1e-a0e3-4966-b0fd-1115cd77497c": {
      "mean": 1.1305578155825715,
      "std": 0.0007443434583780837,
      "cv": 0.0006583860180512102,
      "n": 3
    },
    "76010cb4-f73c-4145-8365-8642a2ce99de": {
      "mean": 1.012470367817087,
      "std": 0.0006409711522687124,
      "cv": 0.00063307645600598,
      "n": 3
    },
    "fc378037-e8fa-4305-b00f-4af47933fd53": {
      "mean": 0.9900858003741867,
      "std": 0.0005948848843077254,
      "cv": 0.0006008417493543473,
      "n": 3
    },
    "8f1ff9f1-6747-41d1-a1d8-2868cdacf893": {
      "mean": 0.987803366784425,
      "std": 0.0004849717967738541,
      "cv": 0.000490959854037117,
      "n": 3
    },
    "58a34f27-7995-4155-8b46-f60a7225e20e": {
      "mean": 1.1909081870327627,
      "std": 0.0005135603773683222,
      "cv": 0.0004312342319586336,
      "n": 3
    },
    "4822167c-dae5-4bb1-bb53-e4adb256245b": {
      "mean": 0.9550536729460588,
      "std": 0.0002562729386347474,
      "cv": 0.0002683335459505862,
      "n": 3
    },
    "5e8dc11c-f2a9-42d5-8dce-9419cbf34d5d": {
      "mean": 1.1316974377322286,
      "std": 0.00027818314232385825,
      "cv": 0.0002458105258957733,
      "n": 3
    },
    "e626d3e6-6c29-4fd8-bb7c-5b09eec61702": {
      "mean": 0.983841251927223,
      "std": 0.00013557600456772976,
      "cv": 0.00013780272406971466,
      "n": 3
    }
  },
  "per_group": {
    "1": {
      "mean": 0.9958301297189047,
      "std": 0.005044976124797768,
      "cv": 0.005066101109254271,
      "n": 3
    },
    "7": {
      "mean": 1.074949487538604,
      "std": 0.0009200308054790275,
      "cv": 0.0008558828262579054,
      "n": 3
    },
    "14": {
      "mean": 1.0535273940849543,
      "std": 0.00940940341395178,
      "cv": 0.008931332461577192,
      "n": 3
    },
    "15": {
      "mean": 1.0806639859404379,
      "std": 0.0014200859077831403,
      "cv": 0.0013140864563440816,
      "n": 3
    },
    "16": {
      "mean": 1.0026366426241702,
      "std": 0.00879171161497489,
      "cv": 0.008768591971628537,
      "n": 3
    },
    "32": {
      "mean": 1.0238186014081463,
      "std": 0.00845185572150763,
      "cv": 0.008255227742378447,
      "n": 3
    },
    "52": {
      "mean": 0.9931009812156605,
      "std": 0.001973721504620701,
      "cv": 0.0019874328411242305,
      "n": 3
    },
    "53": {
      "mean": 0.9900858003741867,
      "std": 0.0005948848843077254,
      "cv": 0.0006008417493543473,
      "n": 3
    },
    "54": {
      "mean": 1.012470367817087,
      "std": 0.0006409711522687124,
      "cv": 0.00063307645600598,
      "n": 3
    },
    "55": {
      "mean": 0.980130468700654,
      "std": 0.0006747485619684084,
      "cv": 0.0006884272895453538,
      "n": 3
    },
    "56": {
      "mean": 0.9550536729460588,
      "std": 0.0002562729386347474,
      "cv": 0.0002683335459505862,
      "n": 3
    },
    "57": {
      "mean": 0.9766010436345274,
      "std": 0.0008502271847617114,
      "cv": 0.0008705982758297064,
      "n": 3
    },
    "58": {
      "mean": 0.983841251927223,
      "std": 0.00013557600456772976,
      "cv": 0.00013780272406971466,
      "n": 3
    },
    "59": {
      "mean": 0.9386422321387445,
      "std": 0.001403783045509023,
      "cv": 0.001495546436591108,
      "n": 3
    },
    "62": {
      "mean": 1.1305578155825715,
      "std": 0.0007443434583780837,
      "cv": 0.0006583860180512102,
      "n": 3
    },
    "80": {
      "mean": 0.987803366784425,
      "std": 0.0004849717967738541,
      "cv": 0.000490959854037117,
      "n": 3
    },
    "901": {
      "mean": 0.9177007497040157,
      "std": 0.0006460935838226655,
      "cv": 0.0007040351487465264,
      "n": 3
    },
    "11948": {
      "mean": 1.1909081870327627,
      "std": 0.0005135603773683222,
      "cv": 0.0004312342319586336,
      "n": 3
    },
    "14107": {
      "mean": 1.1316974377322286,
      "std": 0.00027818314232385825,
      "cv": 0.0002458105258957733,
      "n": 3
    }
  },
  "group_axis": "seq_len"
}