{
  "timestamp": "2026-05-20T17:10:11.836253",
  "backend": "modal-b200",
  "n_runs": 3,
  "solution_name": "rmsnorm_h128-solution",
  "definition": "rmsnorm_h128",
  "scores": [
    1.2009749460073487,
    1.2063092684621533,
    1.2064395834720025
  ],
  "score_mean": 1.2045745993138348,
  "score_std": 0.0031180720719092606,
  "score_cv": 0.0025885255040953184,
  "score_min": 1.2009749460073487,
  "score_max": 1.2064395834720025,
  "per_workload": {
    "3b02c1b8-29dc-4c13-86a0-b7834daad8a1": {
      "mean": 1.0230529945437368,
      "std": 0.021627882861261997,
      "cv": 0.021140530330892235,
      "n": 3
    },
    "4b7f0d02-8404-4eb4-be5c-64b0fd639684": {
      "mean": 1.0625884969532644,
      "std": 0.016063058008562895,
      "cv": 0.015116913136760028,
      "n": 3
    },
    "e971e0cc-d914-424e-a3ea-187e9cec413f": {
      "mean": 1.169399506512728,
      "std": 0.016222014384841277,
      "cv": 0.013872089302668705,
      "n": 3
    },
    "6abd9329-a1de-4704-9378-d7d70388cbfd": {
      "mean": 1.0760491683654667,
      "std": 0.014567318074177802,
      "cv": 0.013537781081421917,
      "n": 3
    },
    "1a7fa8e1-ba96-443e-b697-6f2436a130d6": {
      "mean": 1.0098018285927615,
      "std": 0.007404004210026452,
      "cv": 0.007332135871000071,
      "n": 3
    },
    "ae6aa520-b8be-4e28-b3c4-fa484a2c17c2": {
      "mean": 1.0537592448703559,
      "std": 0.007127766282150073,
      "cv": 0.006764131671297463,
      "n": 3
    },
    "52688c58-7dd4-4ce5-8ed7-bc8aabac4d7b": {
      "mean": 1.0928176497734565,
      "std": 0.006985653170983152,
      "cv": 0.0063923319434228505,
      "n": 3
    },
    "a978e7eb-89fa-444f-96b1-ceb4cbb02f4c": {
      "mean": 1.026699830941844,
      "std": 0.005938050829214965,
      "cv": 0.005783628914955298,
      "n": 3
    },
    "d48fe9d2-1e43-418c-835c-0948ee76535b": {
      "mean": 1.0594797759064958,
      "std": 0.004412388565086499,
      "cv": 0.004164674650170872,
      "n": 3
    },
    "1e5d6f59-edbc-4d45-8edf-5599001cc270": {
      "mean": 1.0155601261867124,
      "std": 0.002719344461998381,
      "cv": 0.002677679432146615,
      "n": 3
    },
    "d5201e02-7338-405c-9c4d-ff95a03a00cc": {
      "mean": 1.4752195626321258,
      "std": 0.0020184803494314356,
      "cv": 0.0013682575804716212,
      "n": 3
    },
    "a11c12ed-feb2-4b09-a091-5964a86b6b17": {
      "mean": 1.6656237327924577,
      "std": 0.0010412605916381749,
      "cv": 0.0006251475475151142,
      "n": 3
    },
    "16ce2b65-3a33-4e46-8924-57859152abf0": {
      "mean": 1.447375071268913,
      "std": 0.00036566199933126215,
      "cv": 0.00025263803874325845,
      "n": 3
    },
    "f2872f89-5d8d-403a-9603-5918541cb9e0": {
      "mean": 1.6866174010533679,
      "std": 0.0003805419620509291,
      "cv": 0.0002256243542923627,
      "n": 3
    }
  },
  "per_group": {
    "4": {
      "mean": 1.169399506512728,
      "std": 0.016222014384841277,
      "cv": 0.013872089302668705,
      "n": 3
    },
    "24": {
      "mean": 1.0760491683654667,
      "std": 0.014567318074177802,
      "cv": 0.013537781081421917,
      "n": 3
    },
    "32": {
      "mean": 1.0928176497734565,
      "std": 0.006985653170983152,
      "cv": 0.0063923319434228505,
      "n": 3
    },
    "136": {
      "mean": 1.0537592448703559,
      "std": 0.007127766282150073,
      "cv": 0.006764131671297463,
      "n": 3
    },
    "192": {
      "mean": 1.0625884969532644,
      "std": 0.016063058008562895,
      "cv": 0.015116913136760028,
      "n": 3
    },
    "256": {
      "mean": 1.0594797759064958,
      "std": 0.004412388565086499,
      "cv": 0.004164674650170872,
      "n": 3
    },
    "316": {
      "mean": 1.026699830941844,
      "std": 0.005938050829214965,
      "cv": 0.005783628914955298,
      "n": 3
    },
    "1088": {
      "mean": 1.0230529945437368,
      "std": 0.021627882861261997,
      "cv": 0.021140530330892235,
      "n": 3
    },
    "2048": {
      "mean": 1.0098018285927615,
      "std": 0.007404004210026452,
      "cv": 0.007332135871000071,
      "n": 3
    },
    "2528": {
      "mean": 1.0155601261867124,
      "std": 0.002719344461998381,
      "cv": 0.002677679432146615,
      "n": 3
    },
    "49532": {
      "mean": 1.4752195626321258,
      "std": 0.0020184803494314356,
      "cv": 0.0013682575804716212,
      "n": 3
    },
    "65016": {
      "mean": 1.447375071268913,
      "std": 0.00036566199933126215,
      "cv": 0.00025263803874325845,
      "n": 3
    },
    "396256": {
      "mean": 1.6656237327924577,
      "std": 0.0010412605916381749,
      "cv": 0.0006251475475151142,
      "n": 3
    },
    "520128": {
      "mean": 1.6866174010533679,
      "std": 0.0003805419620509291,
      "cv": 0.0002256243542923627,
      "n": 3
    }
  },
  "group_axis": "batch_size"
}