{
  "timestamp": "2026-04-25T03:04:47.060527",
  "backend": "modal-b200",
  "n_runs": 3,
  "solution_name": "cuda_bv32_register_resident",
  "definition": "gdn_decode_qk4_v8_d128_k_last",
  "scores": [
    1.1788329779597442,
    1.1761749846114977,
    1.175557432876259
  ],
  "score_mean": 1.1768551318158336,
  "score_std": 0.001740473804215512,
  "score_cv": 0.001478919330988548,
  "score_min": 1.175557432876259,
  "score_max": 1.1788329779597442,
  "per_workload": {
    "ca62112d-68e8-4eb7-a318-26c48d256e10": {
      "mean": 1.1528257226224379,
      "std": 0.023952528097976638,
      "cv": 0.020777232523481206,
      "n": 3
    },
    "61dfd334-971b-4a44-a8a8-f00950192745": {
      "mean": 1.1468631564336427,
      "std": 0.02308887327651985,
      "cv": 0.02013219549952102,
      "n": 3
    },
    "fe2e6584-17d0-4025-ad44-db9e507f6bed": {
      "mean": 1.1492569274862878,
      "std": 0.02285159292735438,
      "cv": 0.019883798288113458,
      "n": 3
    },
    "7464a1d6-b0dd-4061-b15a-ebdabf47e351": {
      "mean": 1.1518889584426146,
      "std": 0.021750715645481235,
      "cv": 0.018882649656516193,
      "n": 3
    },
    "2640f1e3-4b02-4041-bdc1-59a28e0b9954": {
      "mean": 1.1509442819154114,
      "std": 0.020339587310603306,
      "cv": 0.017672086850941203,
      "n": 3
    },
    "abec5d32-2409-4412-8683-472f3a091a54": {
      "mean": 1.1474429168165243,
      "std": 0.019915644211860806,
      "cv": 0.017356544643732645,
      "n": 3
    },
    "25d1f606-3e9e-49e6-a3f0-991092c7a845": {
      "mean": 1.1492365216252887,
      "std": 0.01965542271145263,
      "cv": 0.017103026523778826,
      "n": 3
    },
    "9a92acbc-6104-48c6-8176-601feee30001": {
      "mean": 1.3205177095773333,
      "std": 0.021789601644929147,
      "cv": 0.01650080228905335,
      "n": 3
    },
    "ac83f1e4-982e-41a5-8c02-7ccc14c728d4": {
      "mean": 1.1146196515230602,
      "std": 0.015836545322746823,
      "cv": 0.014208026299470985,
      "n": 3
    },
    "63d4cb66-d6f6-4ceb-8083-0c0fb4abece9": {
      "mean": 1.1155382402292868,
      "std": 0.015337798383958039,
      "cv": 0.013749235867347335,
      "n": 3
    },
    "494844dc-80e9-41e9-9fe2-3d2618fdef64": {
      "mean": 1.3266479656350911,
      "std": 0.017858967653775183,
      "cv": 0.013461723167250148,
      "n": 3
    },
    "ef6bb01d-1294-4a06-97b2-604ec944b4c0": {
      "mean": 1.115388898120026,
      "std": 0.014940833896440164,
      "cv": 0.013395178956526062,
      "n": 3
    },
    "d1508f6d-81b7-4caf-947b-b48f612a3061": {
      "mean": 1.1153583652584227,
      "std": 0.014927769272728401,
      "cv": 0.013383832262081717,
      "n": 3
    },
    "f0507025-1db0-48de-b3d6-4faad5632558": {
      "mean": 1.118130525565742,
      "std": 0.014671109480870694,
      "cv": 0.013121106297896243,
      "n": 3
    },
    "76eec66d-0ada-4c35-bf21-a07247ad7f05": {
      "mean": 1.1164033153412243,
      "std": 0.01446555171263728,
      "cv": 0.012957281220735126,
      "n": 3
    },
    "ec9d2340-6d13-40e4-a6fe-4483a1cacd0d": {
      "mean": 1.330637211228331,
      "std": 0.016792223705362846,
      "cv": 0.01261968593968727,
      "n": 3
    },
    "9f238670-9a56-4ab9-94f9-555755f32205": {
      "mean": 1.327574498857934,
      "std": 0.01668796912690592,
      "cv": 0.012570269420858864,
      "n": 3
    },
    "fa90b213-3ad2-4a42-9173-97fbf9e2e809": {
      "mean": 1.3281940944139279,
      "std": 0.016483197069730376,
      "cv": 0.012410232163397525,
      "n": 3
    },
    "deecf42e-dfae-4061-936f-0af4d892c231": {
      "mean": 1.325718225430702,
      "std": 0.016184247743294668,
      "cv": 0.012207909216935368,
      "n": 3
    },
    "d0acf04a-5919-4bf3-95ca-94fbef5786c0": {
      "mean": 1.1174128166912187,
      "std": 0.013009863884281363,
      "cv": 0.011642844694412034,
      "n": 3
    },
    "26f760ab-c286-41bf-8c37-3bc5df4c98fc": {
      "mean": 1.3307804064961226,
      "std": 0.014666525443833527,
      "cv": 0.011020995930087178,
      "n": 3
    },
    "6d929bff-d051-4e1d-acbf-7d0cc13f6dc8": {
      "mean": 1.330607118979212,
      "std": 0.01422041384247451,
      "cv": 0.010687162002698316,
      "n": 3
    },
    "b91cc4aa-048d-4e05-9c0c-8a153ec997f8": {
      "mean": 1.0327442607044717,
      "std": 0.007840556971373869,
      "cv": 0.007591963731684691,
      "n": 3
    },
    "34403e5b-8551-4d44-95b0-21532c4eb839": {
      "mean": 1.033157378171176,
      "std": 0.007138765967746351,
      "cv": 0.006909659765855713,
      "n": 3
    },
    "4c38f0e4-aabf-4742-90b9-24231effd96f": {
      "mean": 1.033454036222804,
      "std": 0.007107329332998156,
      "cv": 0.006877257317582217,
      "n": 3
    },
    "be91d78c-1114-4563-b0aa-e0682ccc09bb": {
      "mean": 1.0310227811598862,
      "std": 0.006920767728848215,
      "cv": 0.006712526488563568,
      "n": 3
    },
    "3803367a-f140-432a-9784-43fe5d5f64d0": {
      "mean": 1.0334786318953721,
      "std": 0.006829516551391159,
      "cv": 0.006608280365570799,
      "n": 3
    },
    "53385c7f-393d-41db-aec8-5b9eb5bf35d1": {
      "mean": 1.0316756004759213,
      "std": 0.006338345620318214,
      "cv": 0.006143738998377279,
      "n": 3
    },
    "45e7697a-bae5-42bd-9f56-959c10ff681f": {
      "mean": 1.0318918526580731,
      "std": 0.005430191516577685,
      "cv": 0.005262364948991441,
      "n": 3
    },
    "d38dde79-79f9-4c2d-8bbe-05ee1be48583": {
      "mean": 0.9868361209989189,
      "std": 0.004219299122959423,
      "cv": 0.004275582371963101,
      "n": 3
    },
    "0915952b-5887-43aa-9807-a0980e7a78f6": {
      "mean": 0.9845003417132974,
      "std": 0.00416380285678879,
      "cv": 0.004229356436324486,
      "n": 3
    },
    "80288532-6967-4b8e-b5bc-c31ce0a208d5": {
      "mean": 0.9844614061501377,
      "std": 0.00410755901279553,
      "cv": 0.004172392119320009,
      "n": 3
    },
    "a8c8beff-e414-4580-b2f7-e5b8f13bc269": {
      "mean": 0.9859511549973895,
      "std": 0.003732954691521115,
      "cv": 0.003786145665127801,
      "n": 3
    },
    "773a4157-01fa-4637-90be-8604e0b40526": {
      "mean": 0.9865566778795639,
      "std": 0.003704342800216795,
      "cv": 0.0037548200557302506,
      "n": 3
    },
    "a5714b69-525c-4b95-bb7a-a0f9770c2f48": {
      "mean": 1.495819350590482,
      "std": 0.00440989432208797,
      "cv": 0.0029481463255219575,
      "n": 3
    },
    "22d5cef5-4f30-4f43-9d5f-0e9e95dc2201": {
      "mean": 1.4979110788127126,
      "std": 0.0044113285982971375,
      "cv": 0.0029449869626397875,
      "n": 3
    },
    "3daa0974-293c-4414-b3c2-1f04368c1189": {
      "mean": 1.4958890330788392,
      "std": 0.00437504766607494,
      "cv": 0.0029247140458475156,
      "n": 3
    },
    "aed4bdd4-3139-4a1b-ae2f-aab8d4ba4090": {
      "mean": 1.4908100561484423,
      "std": 0.0043497527422372935,
      "cv": 0.0029177108943543254,
      "n": 3
    },
    "5716e24a-3f55-411a-bcd8-e6b677b1ca7e": {
      "mean": 1.4986175923995886,
      "std": 0.004233447612715536,
      "cv": 0.0028249018523377493,
      "n": 3
    },
    "798635cf-d424-4343-a959-c96b0c0e81fb": {
      "mean": 1.491533358535361,
      "std": 0.004213387880336005,
      "cv": 0.002824870028031703,
      "n": 3
    },
    "d0e91dea-aa1b-46c8-a67c-b2814f5a1725": {
      "mean": 1.492945342791404,
      "std": 0.004151959259860925,
      "cv": 0.0027810524209130683,
      "n": 3
    },
    "388f79b1-13e9-44e6-b12e-c8197989a924": {
      "mean": 0.9855516178873825,
      "std": 0.0024975453255215506,
      "cv": 0.0025341598351543075,
      "n": 3
    },
    "40940a4c-1348-416d-aea1-f3183548229b": {
      "mean": 0.986231218994591,
      "std": 0.0023102545093119493,
      "cv": 0.0023425079888133413,
      "n": 3
    },
    "49a125e5-edf0-492e-a8b3-3676d14adaa3": {
      "mean": 1.4929709874848005,
      "std": 0.0031917054301046884,
      "cv": 0.002137821469311829,
      "n": 3
    },
    "901e5104-dccb-4c3f-ae13-ef4d31a4d456": {
      "mean": 1.4949972703125245,