{
  "operator": "gqa_paged_decode_h32_kv8_d128_ps1",
  "source": "expert",
  "environment": {
    "gpu": "b200",
    "backend": "modal",
    "cuda_version": "13.0",
    "measured_at": "2026-05-21T13:49:32"
  },
  "benchmark_config": {
    "warmup_runs": 3,
    "iterations": 100,
    "num_trials": 5
  },
  "workloads": {
    "e2142798-a0ce-49dd-9eaa-72727ad69f0f": {
      "reference_latency_ms": 0.0082784
    },
    "2849bdc5-329b-43b3-af42-fdabec986ae3": {
      "reference_latency_ms": 0.0061695
    },
    "aa937325-bbb9-453a-9f29-eae807deeff3": {
      "reference_latency_ms": 0.007724699999999999
    },
    "be0e9c07-d051-424b-ad4b-eac7cadf8a8e": {
      "reference_latency_ms": 0.0041024
    },
    "13bd6f6d-915f-4653-9a77-8dbf7c35fb75": {
      "reference_latency_ms": 0.0065856
    },
    "4b6e577b-6c46-44c2-bf33-86a834f76a1b": {
      "reference_latency_ms": 0.013244700000000002
    },
    "233743f3-440b-45af-ae7c-828eaba7f438": {
      "reference_latency_ms": 0.013411000000000001
    },
    "55b7d182-cd32-4c5c-b8e0-127a85c64e03": {
      "reference_latency_ms": 0.0065791
    },
    "d8826343-1f8a-4221-919b-c5617e45e03a": {
      "reference_latency_ms": 0.0130974
    },
    "cc152036-c9f2-4286-a344-0a6b309e3d31": {
      "reference_latency_ms": 0.0072128
    },
    "2f08e877-5dff-443b-b146-0c7c2b9d5e1e": {
      "reference_latency_ms": 0.006924700000000001
    },
    "62aad293-0e5f-440f-84b5-f2de59b14f6f": {
      "reference_latency_ms": 0.004704
    },
    "7e5dca40-aa7a-4128-ba16-359c7218a5e7": {
      "reference_latency_ms": 0.0043263
    },
    "d58b7e5a-3f37-4ffb-9b7d-b346be0f3b58": {
      "reference_latency_ms": 0.0057569000000000006
    },
    "86584e1f-5871-4069-a4c2-ef4be5903f60": {
      "reference_latency_ms": 0.009068699999999999
    },
    "1ae14253-ba9f-4c01-ba80-d7684c79503e": {
      "reference_latency_ms": 0.006118500000000001
    },
    "39ca5ed6-85af-4435-a3aa-05933a316ac1": {
      "reference_latency_ms": 0.0150303
    },
    "85fac3ed-ed41-490c-9de6-f906755f8e9b": {
      "reference_latency_ms": 0.014604800000000001
    },
    "cd36924a-dd24-4898-b4a6-d7cb6c62a52a": {
      "reference_latency_ms": 0.0138713
    },
    "db2de7f1-0077-4ddc-817d-9e7dc2d9e51a": {
      "reference_latency_ms": 0.014379999999999999
    },
    "1e15ed03-50f2-4b20-a6bb-3e3ff382747f": {
      "reference_latency_ms": 0.027299200000000003
    },
    "f31598f9-8cf2-4ecb-85ba-a3e2bb7c8f0b": {
      "reference_latency_ms": 0.0138718
    },
    "5aecf120-af05-4f10-a4a3-5d9fa59c8784": {
      "reference_latency_ms": 0.0155103
    },
    "8a1fd5df-d694-4390-83c4-3a6ff4725432": {
      "reference_latency_ms": 0.0147261
    },
    "ccdc67b6-94de-4838-9ed7-f01d18c67c67": {
      "reference_latency_ms": 0.0378816
    },
    "16e73fbc-bff9-4da3-82aa-cb810b535f58": {
      "reference_latency_ms": 0.0143327
    },
    "d2c89e1d-d79e-40b0-809a-b08fe4d2b50e": {
      "reference_latency_ms": 0.0140158
    },
    "434980b4-9192-405d-a280-371854923614": {
      "reference_latency_ms": 0.0169406
    },
    "0ea2f83b-bed0-449d-841f-6aebe3c34002": {
      "reference_latency_ms": 0.015567999999999999
    },
    "127a80a4-a680-4c06-add6-99227d33b2b6": {
      "reference_latency_ms": 0.014969399999999999
    },
    "f248b828-81ae-47f7-bd2e-0ea51ec2e316": {
      "reference_latency_ms": 0.014441399999999998
    },
    "ebe29c4a-2bbc-49df-88ea-02426250269e": {
      "reference_latency_ms": 0.0139198
    },
    "91552da7-60bd-48af-a803-acd637b1073d": {
      "reference_latency_ms": 0.09378159999999999
    },
    "27b811f9-0d50-4dc0-8e92-e439bb170357": {
      "reference_latency_ms": 0.1034999
    },
    "cfccc048-cb5f-4d59-a60e-1e10baa63378": {
      "reference_latency_ms": 0.0950043
    },
    "9608dc13-942a-41bb-9533-af6577a757fe": {
      "reference_latency_ms": 0.10599910000000001
    },
    "d4415ca7-5414-4780-8623-5723e298054e": {
      "reference_latency_ms": 0.10482149999999998
    },
    "43de6e71-3ff8-4cdd-9c96-b33ccaf99b1f": {
      "reference_latency_ms": 0.1060278
    },
    "12b921da-3478-4b47-8c38-0c252d5bfbbd": {
      "reference_latency_ms": 0.1012983
    },
    "817a4061-fb48-41ff-8bf2-aed83ac93bf1": {
      "reference_latency_ms": 0.1137369
    },
    "7077cfb4-4f91-4a5c-bf64-91412a649fb0": {
      "reference_latency_ms": 0.107567
    },
    "d562ca35-75a3-4945-9147-6d0ce0f88abf": {
      "reference_latency_ms": 0.1029334
    },
    "556fea1d-30dd-4f5c-a336-97a3c0c2f8c1": {
      "reference_latency_ms": 0.1097145
    },
    "116916f0-0dd6-4bcd-899e-b74b40cb1e2d": {
      "reference_latency_ms": 0.10367269999999999
    },
    "e165c254-4e5d-4e4d-8ad6-1f759743932b": {
      "reference_latency_ms": 0.114089
    },
    "486d0874-6f47-4c43-91fb-b5682d2a6fed": {
      "reference_latency_ms": 0.1115609
    },
    "5444fc56-b282-4228-b233-ee170d1bd127": {
      "reference_latency_ms": 0.1113559
    },
    "d78eb414-b01a-42ed-9f99-489142277121": {
      "reference_latency_ms": 0.1048727
    }
  }
}