{
  "timestamp": "2026-05-21T20:00:12.872670",
  "backend": "modal-b200",
  "n_runs": 3,
  "solution_name": "gqa_paged_decode_h32_kv8_d128_ps1-solution",
  "definition": "gqa_paged_decode_h32_kv8_d128_ps1",
  "scores": [
    1.362492313222412,
    1.279316708670691,
    1.2627562918795432
  ],
  "score_mean": 1.3015217712575486,
  "score_std": 0.053447330070743496,
  "score_cv": 0.04106526010633071,
  "score_min": 1.2627562918795432,
  "score_max": 1.362492313222412,
  "per_workload": {
    "db2de7f1-0077-4ddc-817d-9e7dc2d9e51a": {
      "mean": 0.8778286966424939,
      "std": 0.451575178137368,
      "cv": 0.5144228935150401,
      "n": 3
    },
    "8a1fd5df-d694-4390-83c4-3a6ff4725432": {
      "mean": 0.8801070646424056,
      "std": 0.4516636939134272,
      "cv": 0.5131917604785297,
      "n": 3
    },
    "16e73fbc-bff9-4da3-82aa-cb810b535f58": {
      "mean": 0.8754872135069693,
      "std": 0.442942031824777,
      "cv": 0.5059377509929229,
      "n": 3
    },
    "d2c89e1d-d79e-40b0-809a-b08fe4d2b50e": {
      "mean": 0.7145809726612133,
      "std": 0.3330391013644692,
      "cv": 0.46606208968058377,
      "n": 3
    },
    "cd36924a-dd24-4898-b4a6-d7cb6c62a52a": {
      "mean": 0.7758171796893534,
      "std": 0.3101373058346867,
      "cv": 0.3997556562989098,
      "n": 3
    },
    "ebe29c4a-2bbc-49df-88ea-02426250269e": {
      "mean": 0.8789274744060035,
      "std": 0.3211794456412643,
      "cv": 0.36542201147861914,
      "n": 3
    },
    "39ca5ed6-85af-4435-a3aa-05933a316ac1": {
      "mean": 0.9874858570694173,
      "std": 0.35045229209270246,
      "cv": 0.3548934798243563,
      "n": 3
    },
    "434980b4-9192-405d-a280-371854923614": {
      "mean": 0.8393232841430601,
      "std": 0.28282268715331393,
      "cv": 0.3369651390549385,
      "n": 3
    },
    "0ea2f83b-bed0-449d-841f-6aebe3c34002": {
      "mean": 1.0699190641811023,
      "std": 0.3177213913268219,
      "cv": 0.2969583419564548,
      "n": 3
    },
    "5aecf120-af05-4f10-a4a3-5d9fa59c8784": {
      "mean": 0.6861103428789049,
      "std": 0.20363445098551902,
      "cv": 0.29679548355308716,
      "n": 3
    },
    "f248b828-81ae-47f7-bd2e-0ea51ec2e316": {
      "mean": 0.8324981167448686,
      "std": 0.20169836124713122,
      "cv": 0.2422808618904596,
      "n": 3
    },
    "f31598f9-8cf2-4ecb-85ba-a3e2bb7c8f0b": {
      "mean": 0.5762298996322427,
      "std": 0.11454775583970675,
      "cv": 0.1987882890367414,
      "n": 3
    },
    "127a80a4-a680-4c06-add6-99227d33b2b6": {
      "mean": 0.9455199432090068,
      "std": 0.12659789592189571,
      "cv": 0.13389235925816037,
      "n": 3
    },
    "1e15ed03-50f2-4b20-a6bb-3e3ff382747f": {
      "mean": 1.0872209414462883,
      "std": 0.09060009510770194,
      "cv": 0.08333181569072805,
      "n": 3
    },
    "85fac3ed-ed41-490c-9de6-f906755f8e9b": {
      "mean": 0.6477963595209618,
      "std": 0.04507606528301839,
      "cv": 0.06958369651282333,
      "n": 3
    },
    "62aad293-0e5f-440f-84b5-f2de59b14f6f": {
      "mean": 1.1919512095518636,
      "std": 0.02607436672390185,
      "cv": 0.0218753641214098,
      "n": 3
    },
    "d8826343-1f8a-4221-919b-c5617e45e03a": {
      "mean": 1.6861930337543494,
      "std": 0.0248124927139111,
      "cv": 0.014715096206195022,
      "n": 3
    },
    "1ae14253-ba9f-4c01-ba80-d7684c79503e": {
      "mean": 1.274878500620765,
      "std": 0.016223334817155016,
      "cv": 0.01272539681958362,
      "n": 3
    },
    "be0e9c07-d051-424b-ad4b-eac7cadf8a8e": {
      "mean": 1.0523701528707325,
      "std": 0.012838974901921874,
      "cv": 0.012200056098986441,
      "n": 3
    },
    "d58b7e5a-3f37-4ffb-9b7d-b346be0f3b58": {
      "mean": 1.1920358976309078,
      "std": 0.013276337963760652,
      "cv": 0.011137532007338448,
      "n": 3
    },
    "cc152036-c9f2-4286-a344-0a6b309e3d31": {
      "mean": 1.4921887239616445,
      "std": 0.016468630034937683,
      "cv": 0.011036559766525213,
      "n": 3
    },
    "13bd6f6d-915f-4653-9a77-8dbf7c35fb75": {
      "mean": 1.3696409295845844,
      "std": 0.013266942784461418,
      "cv": 0.009686438611677088,
      "n": 3
    },
    "aa937325-bbb9-453a-9f29-eae807deeff3": {
      "mean": 1.3948900454999553,
      "std": 0.01343024519290447,
      "cv": 0.009628174805771742,
      "n": 3
    },
    "55b7d182-cd32-4c5c-b8e0-127a85c64e03": {
      "mean": 1.375320876462947,
      "std": 0.012942855427740046,
      "cv": 0.009410789619529741,
      "n": 3
    },
    "7e5dca40-aa7a-4128-ba16-359c7218a5e7": {
      "mean": 1.0750370245828922,
      "std": 0.009461700987122262,
      "cv": 0.008801279184587474,
      "n": 3
    },
    "2849bdc5-329b-43b3-af42-fdabec986ae3": {
      "mean": 1.3112810932973686,
      "std": 0.00831465536446031,
      "cv": 0.006340864218176244,
      "n": 3
    },
    "233743f3-440b-45af-ae7c-828eaba7f438": {
      "mean": 0.8105338178857089,
      "std": 0.0029658859079416252,
      "cv": 0.0036591760176992844,
      "n": 3
    },
    "2f08e877-5dff-443b-b146-0c7c2b9d5e1e": {
      "mean": 1.4283807015009409,
      "std": 0.004311871048378103,
      "cv": 0.003018712759033494,
      "n": 3
    },
    "e2142798-a0ce-49dd-9eaa-72727ad69f0f": {
      "mean": 1.4831142419965506,
      "std": 0.004329298222961679,
      "cv": 0.0029190591664291685,
      "n": 3
    },
    "86584e1f-5871-4069-a4c2-ef4be5903f60": {
      "mean": 1.430347726295604,
      "std": 0.003602529824394819,
      "cv": 0.0025186391799460234,
      "n": 3
    },
    "4b6e577b-6c46-44c2-bf33-86a834f76a1b": {
      "mean": 1.0877724158991444,
      "std": 0.0015069981672011692,
      "cv": 0.0013853984024365022,
      "n": 3
    },
    "ccdc67b6-94de-4838-9ed7-f01d18c67c67": {
      "mean": 1.2384169659953512,
      "std": 0.0017010001274233666,
      "cv": 0.0013735277972845147,
      "n": 3
    },
    "d562ca35-75a3-4945-9147-6d0ce0f88abf": {
      "mean": 1.7416028614930466,
      "std": 0.0011788969594012134,
      "cv": 0.0006769034350291346,
      "n": 3
    },
    "556fea1d-30dd-4f5c-a336-97a3c0c2f8c1": {
      "mean": 1.813972070112487,
      "std": 0.0012219290436044506,
      "cv": 0.0006736206492576686,
      "n": 3
    },
    "d4415ca7-5414-4780-8623-5723e298054e": {
      "mean": 1.693357377987224,
      "std": 0.001129249725150591,
      "cv": 0.000666870289656665,
      "n": 3
    },
    "9608dc13-942a-41bb-9533-af6577a757fe": {
      "mean": 1.7699264819628056,
      "std": 0.0010958163593964986,
      "cv": 0.0006191310037811655,
      "n": 3
    },
    "e165c254-4e5d-4e4d-8ad6-1f759743932b": {
      "mean": 1.771428300919179,
      "std": 0.000834196965784903,
      "cv": 0.0004709177138877399,
      "n": 3
    },
    "27b811f9-0d50-4dc0-8e92-e439bb170357": {
      "mean": 1.6790050394179907,
      "std": 0.0007839841272988334,
      "cv": 0.000466933754749535,
      "n": 3
    },
    "7077cfb4-4f91-4a5c-bf64-91412a649fb0": {
      "mean": 1.7837873547713392,
      "std": 0.0008250827486763956,
      "cv": 0.000462545463431745,
      "n": 3
    },
    "12b921da-3478-4b47-8c38-0c252d5bfbbd": {
      "mean": 1.7233270072285607,
      "std": 0.0006752408157403687,
      "cv": 0.0003918239619689388,
      "n": 3
    },
    "116916f0-0dd6-4bcd-899e-b74b40cb1e2d": {
      "mean": 1.749880338521643,
      "std": 0.0006848460096779617,
      "cv": 0.0003913673378698239,
      "n": 3
    },
    "486d0874-6f47-4c43-91fb-b5682d2a6fed": {
      "mean": 1.832926806195241,
      "std": 0.0005528095346076439,
      "cv": 0.0003015993506882889,
      "n": 3
    },
    "5444fc56-b282-4228-b233-ee170d1bd127": {
      "mean": 1.6957106710794214,
      "std": 0.0005085921833390889,
      "cv": 0.0002999286328813037,
      "n": 3
    },
    "91552da7-60bd-48af-a803-acd637b1073d": {
      "mean": 1.6698389264909683,
      "std": 0.0004774766724117054,
      "cv": 0.00028594175452304496,
      "n": 3
    },
    "43de6e71-3ff8-4cdd-9c96-b33ccaf99b1f": {
      "mean": 1.7618386918247921,