{
  "operator": "gdn_decode_qk4_v8_d128_k_last",
  "source": "expert",
  "environment": {
    "gpu": "B200",
    "backend": "modal",
    "cuda_version": "13.2",
    "measured_at": "2026-04-23T23:20:50"
  },
  "benchmark_config": {
    "warmup_runs": 3,
    "iterations": 100,
    "num_trials": 5
  },
  "workloads": {
    "901e5104-dccb-4c3f-ae13-ef4d31a4d456": {
      "reference_latency_ms": 0.0033887
    },
    "a5714b69-525c-4b95-bb7a-a0f9770c2f48": {
      "reference_latency_ms": 0.003392
    },
    "3daa0974-293c-4414-b3c2-1f04368c1189": {
      "reference_latency_ms": 0.0033951999999999997
    },
    "22d5cef5-4f30-4f43-9d5f-0e9e95dc2201": {
      "reference_latency_ms": 0.003392
    },
    "aed4bdd4-3139-4a1b-ae2f-aab8d4ba4090": {
      "reference_latency_ms": 0.0033792
    },
    "49a125e5-edf0-492e-a8b3-3676d14adaa3": {
      "reference_latency_ms": 0.0033856
    },
    "798635cf-d424-4343-a959-c96b0c0e81fb": {
      "reference_latency_ms": 0.0033792
    },
    "5716e24a-3f55-411a-bcd8-e6b677b1ca7e": {
      "reference_latency_ms": 0.0033951999999999997
    },
    "4c7df22f-70ef-4494-864f-6f10209ab0f3": {
      "reference_latency_ms": 0.0033889000000000002
    },
    "d0e91dea-aa1b-46c8-a67c-b2814f5a1725": {
      "reference_latency_ms": 0.0033823
    },
    "ec9d2340-6d13-40e4-a6fe-4483a1cacd0d": {
      "reference_latency_ms": 0.0036927
    },
    "9f238670-9a56-4ab9-94f9-555755f32205": {
      "reference_latency_ms": 0.00368
    },
    "6d929bff-d051-4e1d-acbf-7d0cc13f6dc8": {
      "reference_latency_ms": 0.00368
    },
    "494844dc-80e9-41e9-9fe2-3d2618fdef64": {
      "reference_latency_ms": 0.0036703
    },
    "26f760ab-c286-41bf-8c37-3bc5df4c98fc": {
      "reference_latency_ms": 0.0036833000000000005
    },
    "deecf42e-dfae-4061-936f-0af4d892c231": {
      "reference_latency_ms": 0.0036803999999999995
    },
    "9a92acbc-6104-48c6-8176-601feee30001": {
      "reference_latency_ms": 0.0036672000000000002
    },
    "fa90b213-3ad2-4a42-9173-97fbf9e2e809": {
      "reference_latency_ms": 0.0036831000000000003
    },
    "2640f1e3-4b02-4041-bdc1-59a28e0b9954": {
      "reference_latency_ms": 0.0042015
    },
    "7464a1d6-b0dd-4061-b15a-ebdabf47e351": {
      "reference_latency_ms": 0.0042145
    },
    "25d1f606-3e9e-49e6-a3f0-991092c7a845": {
      "reference_latency_ms": 0.004211100000000001
    },
    "fe2e6584-17d0-4025-ad44-db9e507f6bed": {
      "reference_latency_ms": 0.0042048
    },
    "ca62112d-68e8-4eb7-a318-26c48d256e10": {
      "reference_latency_ms": 0.004208000000000001
    },
    "61dfd334-971b-4a44-a8a8-f00950192745": {
      "reference_latency_ms": 0.0041985
    },
    "abec5d32-2409-4412-8683-472f3a091a54": {
      "reference_latency_ms": 0.0041985
    },
    "76eec66d-0ada-4c35-bf21-a07247ad7f05": {
      "reference_latency_ms": 0.0053568
    },
    "f0507025-1db0-48de-b3d6-4faad5632558": {
      "reference_latency_ms": 0.0053568
    },
    "d1508f6d-81b7-4caf-947b-b48f612a3061": {
      "reference_latency_ms": 0.005359999999999999
    },
    "63d4cb66-d6f6-4ceb-8083-0c0fb4abece9": {
      "reference_latency_ms": 0.0053599
    },
    "ef6bb01d-1294-4a06-97b2-604ec944b4c0": {
      "reference_latency_ms": 0.0053568
    },
    "d0acf04a-5919-4bf3-95ca-94fbef5786c0": {
      "reference_latency_ms": 0.0053631
    },
    "ac83f1e4-982e-41a5-8c02-7ccc14c728d4": {
      "reference_latency_ms": 0.005350499999999999
    },
    "a8c8beff-e414-4580-b2f7-e5b8f13bc269": {
      "reference_latency_ms": 0.007635100000000001
    },
    "40940a4c-1348-416d-aea1-f3183548229b": {
      "reference_latency_ms": 0.007638299999999999
    },
    "0915952b-5887-43aa-9807-a0980e7a78f6": {
      "reference_latency_ms": 0.0076353
    },
    "d38dde79-79f9-4c2d-8bbe-05ee1be48583": {
      "reference_latency_ms": 0.0076544000000000004
    },
    "388f79b1-13e9-44e6-b12e-c8197989a924": {
      "reference_latency_ms": 0.0076352
    },
    "80288532-6967-4b8e-b5bc-c31ce0a208d5": {
      "reference_latency_ms": 0.0076286999999999995
    },
    "773a4157-01fa-4637-90be-8604e0b40526": {
      "reference_latency_ms": 0.0076513
    },
    "53385c7f-393d-41db-aec8-5b9eb5bf35d1": {
      "reference_latency_ms": 0.0105057
    },
    "45e7697a-bae5-42bd-9f56-959c10ff681f": {
      "reference_latency_ms": 0.010495899999999999
    },
    "34403e5b-8551-4d44-95b0-21532c4eb839": {
      "reference_latency_ms": 0.0105087
    },
    "b91cc4aa-048d-4e05-9c0c-8a153ec997f8": {
      "reference_latency_ms": 0.0105088
    },
    "4c38f0e4-aabf-4742-90b9-24231effd96f": {
      "reference_latency_ms": 0.0105183
    },
    "be91d78c-1114-4563-b0aa-e0682ccc09bb": {
      "reference_latency_ms": 0.010502300000000001
    },
    "3803367a-f140-432a-9784-43fe5d5f64d0": {
      "reference_latency_ms": 0.010515199999999999
    },
    "eaf0a285-447c-4432-8e68-d287acc3cb08": {
      "reference_latency_ms": 0.0129057
    },
    "f4fd2171-c869-440c-b199-f403e3c6b788": {
      "reference_latency_ms": 0.012883200000000001
    },
    "b1931bc6-b8b6-44da-a83b-aa6cc4d4c275": {
      "reference_latency_ms": 0.012896
    },
    "8d0c5789-550a-4216-a471-202b2655a4e8": {
      "reference_latency_ms": 0.012873699999999998
    },
    "9eef9bc7-5972-437e-b488-853c6dacb470": {
      "reference_latency_ms": 0.012864200000000001
    },
    "58571e49-29ee-4a53-bf1d-a7a2363e9db3": {
      "reference_latency_ms": 0.0128767
    },
    "ef2cf980-6977-49d1-a6f8-7247becf0273": {
      "reference_latency_ms": 0.0129023
    },
    "42963acb-f2f5-4ada-9205-3931cd26fa44": {
      "reference_latency_ms": 0.012867300000000002
    }
  }
}