{
  "timestamp": "2026-04-25T02:25:42.904163",
  "backend": "modal-b200",
  "n_runs": 3,
  "solution_name": "moe_fp8_block_scale_ds_routing_topk8_ng8_kg4_e32_h7168_i2048-solution",
  "definition": "moe_fp8_block_scale_ds_routing_topk8_ng8_kg4_e32_h7168_i2048",
  "scores": [
    1.407760066362373,
    1.406454905000747,
    1.40823998488659
  ],
  "score_mean": 1.40748498541657,
  "score_std": 0.0009237855242252871,
  "score_cv": 0.0006563377469720406,
  "score_min": 1.406454905000747,
  "score_max": 1.40823998488659,
  "per_workload": {
    "58a34f27-7995-4155-8b46-f60a7225e20e": {
      "mean": 1.752051387423713,
      "std": 0.011954111869073568,
      "cv": 0.006822923091685899,
      "n": 3
    },
    "5e8dc11c-f2a9-42d5-8dce-9419cbf34d5d": {
      "mean": 1.594494261931785,
      "std": 0.006737034285577961,
      "cv": 0.004225185656934137,
      "n": 3
    },
    "8f1ff9f1-6747-41d1-a1d8-2868cdacf893": {
      "mean": 1.226451473872186,
      "std": 0.002666389714701676,
      "cv": 0.0021740686619123035,
      "n": 3
    },
    "2e69caee-ae5c-473b-aa99-5dc6659829d4": {
      "mean": 1.734962762295425,
      "std": 0.003286260116506509,
      "cv": 0.0018941387031031465,
      "n": 3
    },
    "a7c2bcfd-a2f4-479e-8d32-200115df89cf": {
      "mean": 1.3535417603243336,
      "std": 0.00164995808991643,
      "cv": 0.0012189931173760531,
      "n": 3
    },
    "eedc63b2-c03b-4cf2-8d16-1f46566e3af7": {
      "mean": 1.219758481616228,
      "std": 0.001253137036608876,
      "cv": 0.0010273648886199342,
      "n": 3
    },
    "8cba5890-4288-448a-93b8-42c14c6b9420": {
      "mean": 1.4329229745533645,
      "std": 0.0012884781386877436,
      "cv": 0.0008991956731584657,
      "n": 3
    },
    "6230e838-67ca-41dd-a9d6-6f36b7676c6b": {
      "mean": 1.2852411954027223,
      "std": 0.0010580714582529142,
      "cv": 0.0008232473889240487,
      "n": 3
    },
    "b8f4f012-a32e-4356-b4e1-7665b3d598af": {
      "mean": 1.635930964589303,
      "std": 0.001246295170641381,
      "cv": 0.0007618262613876623,
      "n": 3
    },
    "1a4c6ba1-3cd2-4d7d-b716-84f2d52b69fc": {
      "mean": 1.416843623718499,
      "std": 0.0009399733845093895,
      "cv": 0.000663427755028063,
      "n": 3
    },
    "f7d6ac7c-24ec-47e4-aefc-4863a5e3e1d9": {
      "mean": 1.3800508015898192,
      "std": 0.000785270040406567,
      "cv": 0.0005690153141478093,
      "n": 3
    },
    "74d7ff04-0365-4cf8-a824-ce61b7131dea": {
      "mean": 1.2429045446991758,
      "std": 0.0006802023429624515,
      "cv": 0.0005472683689696243,
      "n": 3
    },
    "fc378037-e8fa-4305-b00f-4af47933fd53": {
      "mean": 1.268693377591051,
      "std": 0.0005699551600580098,
      "cv": 0.00044924579108327975,
      "n": 3
    },
    "5eadab1e-a0e3-4966-b0fd-1115cd77497c": {
      "mean": 1.5473050573461815,
      "std": 0.0006103094053158423,
      "cv": 0.00039443379469242994,
      "n": 3
    },
    "76010cb4-f73c-4145-8365-8642a2ce99de": {
      "mean": 1.3115727623018558,
      "std": 0.0004969815738474744,
      "cv": 0.0003789203223275653,
      "n": 3
    },
    "e626d3e6-6c29-4fd8-bb7c-5b09eec61702": {
      "mean": 1.2481610057698032,
      "std": 0.00022737386992147175,
      "cv": 0.00018216709933286125,
      "n": 3
    },
    "81955b1e-086f-49c1-9f40-a18a5aaf509d": {
      "mean": 1.2477970529160747,
      "std": 0.00020401024566687255,
      "cv": 0.000163496335554011,
      "n": 3
    },
    "4822167c-dae5-4bb1-bb53-e4adb256245b": {
      "mean": 1.2019639189225453,
      "std": 0.00018441207882319128,
      "cv": 0.00015342563609438499,
      "n": 3
    },
    "e05c6c03-5603-4a1c-b34c-dcce0ecaeea4": {
      "mean": 1.6415673160507678,
      "std": 0.00017186361958552066,
      "cv": 0.0001046948351767778,
      "n": 3
    }
  },
  "per_group": {
    "1": {
      "mean": 1.6415673160507678,
      "std": 0.00017186361958552066,
      "cv": 0.0001046948351767778,
      "n": 3
    },
    "7": {
      "mean": 1.635930964589303,
      "std": 0.001246295170641381,
      "cv": 0.0007618262613876623,
      "n": 3
    },
    "14": {
      "mean": 1.4329229745533645,
      "std": 0.0012884781386877436,
      "cv": 0.0008991956731584657,
      "n": 3
    },
    "15": {
      "mean": 1.734962762295425,
      "std": 0.003286260116506509,
      "cv": 0.0018941387031031465,
      "n": 3
    },
    "16": {
      "mean": 1.3535417603243336,
      "std": 0.00164995808991643,
      "cv": 0.0012189931173760531,
      "n": 3
    },
    "32": {
      "mean": 1.2852411954027223,
      "std": 0.0010580714582529142,
      "cv": 0.0008232473889240487,
      "n": 3
    },
    "52": {
      "mean": 1.3800508015898192,
      "std": 0.000785270040406567,
      "cv": 0.0005690153141478093,
      "n": 3
    },
    "53": {
      "mean": 1.268693377591051,
      "std": 0.0005699551600580098,
      "cv": 0.00044924579108327975,
      "n": 3
    },
    "54": {
      "mean": 1.3115727623018558,
      "std": 0.0004969815738474744,
      "cv": 0.0003789203223275653,
      "n": 3
    },
    "55": {
      "mean": 1.2477970529160747,
      "std": 0.00020401024566687255,
      "cv": 0.000163496335554011,
      "n": 3
    },
    "56": {
      "mean": 1.2019639189225453,
      "std": 0.00018441207882319128,
      "cv": 0.00015342563609438499,
      "n": 3
    },
    "57": {
      "mean": 1.2429045446991758,
      "std": 0.0006802023429624515,
      "cv": 0.0005472683689696243,
      "n": 3
    },
    "58": {
      "mean": 1.2481610057698032,
      "std": 0.00022737386992147175,
      "cv": 0.00018216709933286125,
      "n": 3
    },
    "59": {
      "mean": 1.219758481616228,
      "std": 0.001253137036608876,
      "cv": 0.0010273648886199342,
      "n": 3
    },
    "62": {
      "mean": 1.5473050573461815,
      "std": 0.0006103094053158423,
      "cv": 0.00039443379469242994,
      "n": 3
    },
    "80": {
      "mean": 1.226451473872186,
      "std": 0.002666389714701676,
      "cv": 0.0021740686619123035,
      "n": 3
    },
    "901": {
      "mean": 1.416843623718499,
      "std": 0.0009399733845093895,
      "cv": 0.000663427755028063,
      "n": 3
    },
    "11948": {
      "mean": 1.752051387423713,
      "std": 0.011954111869073568,
      "cv": 0.006822923091685899,
      "n": 3
    },
    "14107": {
      "mean": 1.594494261931785,
      "std": 0.006737034285577961,
      "cv": 0.004225185656934137,
      "n": 3
    }
  },
  "group_axis": "seq_len"
}