{
  "operator": "mla_paged_prefill_causal_h16_ckv512_kpe64_ps1",
  "source": "expert",
  "environment": {
    "gpu": "b200",
    "backend": "modal",
    "cuda_version": "13.0",
    "measured_at": "2026-05-22T00:30:43"
  },
  "benchmark_config": {
    "warmup_runs": 3,
    "iterations": 100,
    "num_trials": 5
  },
  "workloads": {
    "55b51e96-eecc-4dc9-814a-0f1301b2951e": {
      "reference_latency_ms": 0.021001
    },
    "d30e4c23-bb35-4f61-adb9-2163db9f5ea7": {
      "reference_latency_ms": 0.014633199999999999
    },
    "7572654f-7994-431a-bed1-65d7ec507b10": {
      "reference_latency_ms": 0.012543799999999999
    },
    "473e30ea-b329-4ef7-9961-7de140fd35da": {
      "reference_latency_ms": 0.025248
    },
    "bda0e743-f862-4800-95e4-a7c5717c8e7e": {
      "reference_latency_ms": 0.040341499999999995
    },
    "7e602557-ff89-41a1-8650-6c3e48fdf52a": {
      "reference_latency_ms": 0.0397081
    },
    "5ca61491-4ac7-426f-af85-cf592620a435": {
      "reference_latency_ms": 0.012166
    },
    "77737de2-b4e3-4f75-a275-2addbc9e175d": {
      "reference_latency_ms": 0.1161994
    },
    "b270fd9c-8520-4bf1-87b7-f0bd87326ab6": {
      "reference_latency_ms": 0.0121116
    },
    "3bdcf0e1-3855-44b4-9ef2-db4422074531": {
      "reference_latency_ms": 0.0120158
    },
    "6c8fe593-d2b1-4abe-89e3-51bb93638186": {
      "reference_latency_ms": 0.012252599999999999
    },
    "98814691-2060-4bbe-8158-7bdd6868e7d0": {
      "reference_latency_ms": 0.012809199999999998
    },
    "74202b1d-e57c-424d-93ea-396a614e7864": {
      "reference_latency_ms": 0.7995667
    },
    "6e3567c4-94d7-462d-b0af-b083ff8a9def": {
      "reference_latency_ms": 0.018623800000000003
    },
    "a455e8fb-76b9-49ee-8bfb-4ac63bcd571c": {
      "reference_latency_ms": 0.0139264
    },
    "bb28f188-53a9-45d4-89f3-b6bfe4b5fdb8": {
      "reference_latency_ms": 0.0968654
    },
    "ed999c80-d4d1-4952-b063-cd39dfbf5612": {
      "reference_latency_ms": 0.0358902
    },
    "cb60b649-f5da-49a7-b21e-0b9022bf9ff1": {
      "reference_latency_ms": 0.012332599999999999
    },
    "e6f75600-c981-4c46-9e7d-d82b41cff36c": {
      "reference_latency_ms": 0.0249753
    },
    "733a7bbe-55fc-4834-82db-f428949e8ab2": {
      "reference_latency_ms": 0.47163380000000005
    },
    "892d1b8f-f6fe-40ad-aa3f-b6d391753bd3": {
      "reference_latency_ms": 0.0645621
    },
    "4eeb9b51-ce9b-40a3-9f8f-2604fed79629": {
      "reference_latency_ms": 0.0315033
    },
    "77573fb4-557b-430d-979f-5579a0349825": {
      "reference_latency_ms": 0.0407
    },
    "9722a8a5-542e-4b96-b962-7ae93eb259ac": {
      "reference_latency_ms": 0.025500699999999998
    },
    "053a88a3-d024-4fbe-bc46-3f49d141de9f": {
      "reference_latency_ms": 0.489762
    },
    "a06f2653-81ce-449f-91dd-e5ae53a16b92": {
      "reference_latency_ms": 15.236903899999998
    },
    "a8cff3c6-0976-4dbb-833f-481091dc6a39": {
      "reference_latency_ms": 0.0227774
    },
    "71df32c9-6f0f-4499-8599-c632f94ca83e": {
      "reference_latency_ms": 0.0140958
    },
    "22689bbd-cd9e-4251-a90e-a2d367ddb7d8": {
      "reference_latency_ms": 0.076021
    },
    "a6fbb45c-905c-48b3-a74b-cc18bd963220": {
      "reference_latency_ms": 0.0243996
    },
    "d44f32e1-f92e-4f37-ae26-29d71b0b105a": {
      "reference_latency_ms": 0.0172702
    },
    "9265de63-6831-406b-b449-8bee4be7f372": {
      "reference_latency_ms": 0.0146107
    },
    "805238ee-8470-4f4e-aa41-7c15f785173f": {
      "reference_latency_ms": 0.2252545
    },
    "fe63f292-d826-4950-8785-0a516707527f": {
      "reference_latency_ms": 2.3850713
    },
    "54187805-1b18-4d39-83ca-46332f85da9e": {
      "reference_latency_ms": 1.7377596
    },
    "f96b666d-373d-40ee-ad8d-0c3b74374558": {
      "reference_latency_ms": 0.0240222
    },
    "d88c9577-ac5d-414c-9d57-d91cc14b7eed": {
      "reference_latency_ms": 0.0126587
    },
    "0e70750d-4274-4a1f-a626-0c981044138d": {
      "reference_latency_ms": 3.4772141
    }
  }
}