{
  "timestamp": "2026-04-24T11:19:31.075683",
  "backend": "modal-b200",
  "n_runs": 3,
  "solution_name": "triton_swap_grid_evict_lsr",
  "definition": "gdn_decode_qk4_v8_d128_k_last",
  "scores": [
    1.1278714960072482,
    1.1309721846416916,
    1.1304410498008417
  ],
  "score_mean": 1.1297615768165938,
  "score_std": 0.0016582611839464749,
  "score_cv": 0.0014677974698157734,
  "score_min": 1.1278714960072482,
  "score_max": 1.1309721846416916,
  "per_workload": {
    "fa90b213-3ad2-4a42-9173-97fbf9e2e809": {
      "mean": 1.2616522648670394,
      "std": 0.012738826266467032,
      "cv": 0.010096939244831878,
      "n": 3
    },
    "9a92acbc-6104-48c6-8176-601feee30001": {
      "mean": 1.2548286177255241,
      "std": 0.012544661223498328,
      "cv": 0.009997111196138097,
      "n": 3
    },
    "ec9d2340-6d13-40e4-a6fe-4483a1cacd0d": {
      "mean": 1.2649020231373056,
      "std": 0.01203379416795513,
      "cv": 0.009513617614515316,
      "n": 3
    },
    "9f238670-9a56-4ab9-94f9-555755f32205": {
      "mean": 1.2582956419865172,
      "std": 0.01191562812958806,
      "cv": 0.009469656996329116,
      "n": 3
    },
    "deecf42e-dfae-4061-936f-0af4d892c231": {
      "mean": 1.2565794278554978,
      "std": 0.011453469508645866,
      "cv": 0.009114799474469014,
      "n": 3
    },
    "494844dc-80e9-41e9-9fe2-3d2618fdef64": {
      "mean": 1.2567593546679587,
      "std": 0.011085755806462035,
      "cv": 0.008820905740853579,
      "n": 3
    },
    "6d929bff-d051-4e1d-acbf-7d0cc13f6dc8": {
      "mean": 1.2573677886357564,
      "std": 0.0110305224408161,
      "cv": 0.008772709576713599,
      "n": 3
    },
    "26f760ab-c286-41bf-8c37-3bc5df4c98fc": {
      "mean": 1.2607197075604215,
      "std": 0.009660485291463536,
      "cv": 0.007662674925703535,
      "n": 3
    },
    "40940a4c-1348-416d-aea1-f3183548229b": {
      "mean": 0.9541833244477445,
      "std": 0.007183524940220531,
      "cv": 0.00752845365892153,
      "n": 3
    },
    "a5714b69-525c-4b95-bb7a-a0f9770c2f48": {
      "mean": 1.4096795308241072,
      "std": 0.00989753724814742,
      "cv": 0.007021125746474633,
      "n": 3
    },
    "a8c8beff-e414-4580-b2f7-e5b8f13bc269": {
      "mean": 0.9539035242781739,
      "std": 0.006424073321600773,
      "cv": 0.006734510522394723,
      "n": 3
    },
    "773a4157-01fa-4637-90be-8604e0b40526": {
      "mean": 0.9549204759502443,
      "std": 0.006327262788594348,
      "cv": 0.006625957813186558,
      "n": 3
    },
    "80288532-6967-4b8e-b5bc-c31ce0a208d5": {
      "mean": 0.9518373196183433,
      "std": 0.006166398176240477,
      "cv": 0.006478416058232523,
      "n": 3
    },
    "d38dde79-79f9-4c2d-8bbe-05ee1be48583": {
      "mean": 0.9550477768388306,
      "std": 0.006173371620657742,
      "cv": 0.006463940098464342,
      "n": 3
    },
    "388f79b1-13e9-44e6-b12e-c8197989a924": {
      "mean": 0.9535359690204844,
      "std": 0.006098620273143472,
      "cv": 0.0063957946750642794,
      "n": 3
    },
    "0915952b-5887-43aa-9807-a0980e7a78f6": {
      "mean": 0.9532948015639034,
      "std": 0.005650644610634428,
      "cv": 0.005927489168475909,
      "n": 3
    },
    "3daa0974-293c-4414-b3c2-1f04368c1189": {
      "mean": 1.416616395168539,
      "std": 0.006766138368846304,
      "cv": 0.004776267161613159,
      "n": 3
    },
    "aed4bdd4-3139-4a1b-ae2f-aab8d4ba4090": {
      "mean": 1.4055017706140964,
      "std": 0.006479213044749803,
      "cv": 0.00460989319274844,
      "n": 3
    },
    "22d5cef5-4f30-4f43-9d5f-0e9e95dc2201": {
      "mean": 1.4146454995721396,
      "std": 0.005723872076519022,
      "cv": 0.004046152960759576,
      "n": 3
    },
    "901e5104-dccb-4c3f-ae13-ef4d31a4d456": {
      "mean": 1.4113805649506999,
      "std": 0.004668831753614026,
      "cv": 0.00330798926211451,
      "n": 3
    },
    "798635cf-d424-4343-a959-c96b0c0e81fb": {
      "mean": 1.4067783210202047,
      "std": 0.00442059854660287,
      "cv": 0.003142356176911387,
      "n": 3
    },
    "49a125e5-edf0-492e-a8b3-3676d14adaa3": {
      "mean": 1.4113011543488307,
      "std": 0.0039142061723642044,
      "cv": 0.0027734733726411534,
      "n": 3
    },
    "d0e91dea-aa1b-46c8-a67c-b2814f5a1725": {
      "mean": 1.4130468835884844,
      "std": 0.0037784726733845943,
      "cv": 0.002673989601667727,
      "n": 3
    },
    "25d1f606-3e9e-49e6-a3f0-991092c7a845": {
      "mean": 1.1260781274837475,
      "std": 0.0029514942627079078,
      "cv": 0.0026210386212749755,
      "n": 3
    },
    "f0507025-1db0-48de-b3d6-4faad5632558": {
      "mean": 1.042555274357023,
      "std": 0.002633799984497272,
      "cv": 0.0025262928971527387,
      "n": 3
    },
    "ca62112d-68e8-4eb7-a318-26c48d256e10": {
      "mean": 1.1271060900710455,
      "std": 0.002428340519077319,
      "cv": 0.0021544915252159204,
      "n": 3
    },
    "4c38f0e4-aabf-4742-90b9-24231effd96f": {
      "mean": 1.0124192079991994,
      "std": 0.001980993308572066,
      "cv": 0.0019566927345116437,
      "n": 3
    },
    "76eec66d-0ada-4c35-bf21-a07247ad7f05": {
      "mean": 1.0427830474273392,
      "std": 0.0018537424726332474,
      "cv": 0.0017776875805630276,
      "n": 3
    },
    "61dfd334-971b-4a44-a8a8-f00950192745": {
      "mean": 1.1233667498426572,
      "std": 0.0019386839351344671,
      "cv": 0.001725780058387883,
      "n": 3
    },
    "63d4cb66-d6f6-4ceb-8083-0c0fb4abece9": {
      "mean": 1.0418919106277098,
      "std": 0.0016301703653436334,
      "cv": 0.0015646252252419378,
      "n": 3
    },
    "5716e24a-3f55-411a-bcd8-e6b677b1ca7e": {
      "mean": 1.4159078663430757,
      "std": 0.002202632803812999,
      "cv": 0.0015556328601392905,
      "n": 3
    },
    "45e7697a-bae5-42bd-9f56-959c10ff681f": {
      "mean": 1.0113004013465468,
      "std": 0.0015312479374744103,
      "cv": 0.0015141375751809782,
      "n": 3
    },
    "4c7df22f-70ef-4494-864f-6f10209ab0f3": {
      "mean": 1.413908971909894,
      "std": 0.0019172354338896278,
      "cv": 0.0013559822251497883,
      "n": 3
    },
    "b91cc4aa-048d-4e05-9c0c-8a153ec997f8": {
      "mean": 1.0117176574589943,
      "std": 0.0013498176955514087,
      "cv": 0.0013341841823158234,
      "n": 3
    },
    "be91d78c-1114-4563-b0aa-e0682ccc09bb": {
      "mean": 1.010469277523012,
      "std": 0.0013461944863103973,
      "cv": 0.0013322468245747726,
      "n": 3
    },
    "2640f1e3-4b02-4041-bdc1-59a28e0b9954": {
      "mean": 1.126378525372329,
      "std": 0.0014339253742888165,
      "cv": 0.0012730404051469523,
      "n": 3
    },
    "53385c7f-393d-41db-aec8-5b9eb5bf35d1": {
      "mean": 1.0113087283599633,
      "std": 0.0012693689541248244,
      "cv": 0.0012551745263618525,
      "n": 3
    },
    "ef6bb01d-1294-4a06-97b2-604ec944b4c0": {
      "mean": 1.04232874344141,
      "std": 0.0012777745191906635,
      "cv": 0.0012258843740333716,
      "n": 3
    },
    "b1931bc6-b8b6-44da-a83b-aa6cc4d4c275": {
      "mean": 0.9854112496341538,
      "std": 0.0011309206969665531,
      "cv": 0.0011476636758372928,
      "n": 3
    },
    "42963acb-f2f5-4ada-9205-3931cd26fa44": {
      "mean": 0.9829778452186676,
      "std": 0.0011156656362647235,
      "cv": 0.0011349855357284668,
      "n": 3
    },
    "34403e5b-8551-4d44-95b0-21532c4eb839": {
      "mean": 1.012227362547046,
      "std": 0.0011011122666431453,
      "cv": 0.0010878112046610164,
      "n": 3
    },
    "7464a1d6-b0dd-4061-b15a-ebdabf47e351": {
      "mean": 1.1308130967237475,
      "std": 0.001111840292231985,
      "cv": 0.0009832219802310995,
      "n": 3
    },
    "d0acf04a-5919-4bf3-95ca-94fbef5786c0": {
      "mean": 1.0424858296964976,
      "std": 0.0009709144265029669,
      "cv": 0.0009313454426384217,
      "n": 3
    },
    "fe2e6584-17d0-4025-ad44-db9e507f6bed": {
      "mean": 1.1278572468090784,
      "std": 0.0009985157258256474,
      "cv": 0.000885321017930804,
      "n": 3
    },