{
  "timestamp": "2026-04-23T03:09:46.577024",
  "backend": "modal-b200",
  "n_runs": 3,
  "solution_name": "moe_fp8_block_scale_ds_routing_topk8_ng8_kg4_e32_h7168_i2048-solution",
  "definition": "moe_fp8_block_scale_ds_routing_topk8_ng8_kg4_e32_h7168_i2048",
  "scores": [
    1.221195334350488,
    1.214053241814336,
    1.2128760858258145
  ],
  "score_mean": 1.2160415539968794,
  "score_std": 0.004501945468934375,
  "score_cv": 0.003702131275150428,
  "score_min": 1.2128760858258145,
  "score_max": 1.221195334350488,
  "per_workload": {
    "b8f4f012-a32e-4356-b4e1-7665b3d598af": {
      "mean": 1.3528693520991932,
      "std": 0.08848517971867766,
      "cv": 0.06540556158019158,
      "n": 3
    },
    "e05c6c03-5603-4a1c-b34c-dcce0ecaeea4": {
      "mean": 1.3643560494182965,
      "std": 0.08514143145786263,
      "cv": 0.06240411474274866,
      "n": 3
    },
    "2e69caee-ae5c-473b-aa99-5dc6659829d4": {
      "mean": 1.4857431008848985,
      "std": 0.00739280662758035,
      "cv": 0.004975831032415526,
      "n": 3
    },
    "a7c2bcfd-a2f4-479e-8d32-200115df89cf": {
      "mean": 1.2048333077971676,
      "std": 0.002410503156220041,
      "cv": 0.0020006943206336445,
      "n": 3
    },
    "8cba5890-4288-448a-93b8-42c14c6b9420": {
      "mean": 1.27859162674761,
      "std": 0.0024556864801908184,
      "cv": 0.0019206183028410862,
      "n": 3
    },
    "74d7ff04-0365-4cf8-a824-ce61b7131dea": {
      "mean": 1.1310986310977003,
      "std": 0.0014263262596760449,
      "cv": 0.0012610096241490755,
      "n": 3
    },
    "4822167c-dae5-4bb1-bb53-e4adb256245b": {
      "mean": 1.0917152822195708,
      "std": 0.0011973194039102083,
      "cv": 0.0010967322922107799,
      "n": 3
    },
    "81955b1e-086f-49c1-9f40-a18a5aaf509d": {
      "mean": 1.1338543114128896,
      "std": 0.0010496570852963564,
      "cv": 0.0009257424650865282,
      "n": 3
    },
    "58a34f27-7995-4155-8b46-f60a7225e20e": {
      "mean": 1.2494518686639204,
      "std": 0.0010134774374863753,
      "cv": 0.0008111376379548895,
      "n": 3
    },
    "eedc63b2-c03b-4cf2-8d16-1f46566e3af7": {
      "mean": 1.100924905787977,
      "std": 0.0007624257303308742,
      "cv": 0.0006925320031570862,
      "n": 3
    },
    "76010cb4-f73c-4145-8365-8642a2ce99de": {
      "mean": 1.1895357504859634,
      "std": 0.0007957296319869719,
      "cv": 0.0006689413341817519,
      "n": 3
    },
    "8f1ff9f1-6747-41d1-a1d8-2868cdacf893": {
      "mean": 1.1217754961383473,
      "std": 0.0005723083454976333,
      "cv": 0.0005101808226938228,
      "n": 3
    },
    "f7d6ac7c-24ec-47e4-aefc-4863a5e3e1d9": {
      "mean": 1.2160683070194072,
      "std": 0.0006126602922382259,
      "cv": 0.0005038041767076892,
      "n": 3
    },
    "e626d3e6-6c29-4fd8-bb7c-5b09eec61702": {
      "mean": 1.1395187560054465,
      "std": 0.0004923764593678291,
      "cv": 0.00043209157968916815,
      "n": 3
    },
    "fc378037-e8fa-4305-b00f-4af47933fd53": {
      "mean": 1.1517187113540295,
      "std": 0.0003765994336785715,
      "cv": 0.00032698907290984154,
      "n": 3
    },
    "6230e838-67ca-41dd-a9d6-6f36b7676c6b": {
      "mean": 1.171464049407804,
      "std": 0.00038195361217517273,
      "cv": 0.0003260480868945634,
      "n": 3
    },
    "5e8dc11c-f2a9-42d5-8dce-9419cbf34d5d": {
      "mean": 1.176129170374695,
      "std": 0.0003485123516092034,
      "cv": 0.00029632149290045515,
      "n": 3
    },
    "5eadab1e-a0e3-4966-b0fd-1115cd77497c": {
      "mean": 1.3754756314484529,
      "std": 0.00029350155795870246,
      "cv": 0.0002133818667871483,
      "n": 3
    },
    "1a4c6ba1-3cd2-4d7d-b716-84f2d52b69fc": {
      "mean": 1.1696652175773408,
      "std": 0.0001920811790900402,
      "cv": 0.00016421893735361876,
      "n": 3
    }
  },
  "per_group": {
    "1": {
      "mean": 1.3643560494182965,
      "std": 0.08514143145786263,
      "cv": 0.06240411474274866,
      "n": 3
    },
    "7": {
      "mean": 1.3528693520991932,
      "std": 0.08848517971867766,
      "cv": 0.06540556158019158,
      "n": 3
    },
    "14": {
      "mean": 1.27859162674761,
      "std": 0.0024556864801908184,
      "cv": 0.0019206183028410862,
      "n": 3
    },
    "15": {
      "mean": 1.4857431008848985,
      "std": 0.00739280662758035,
      "cv": 0.004975831032415526,
      "n": 3
    },
    "16": {
      "mean": 1.2048333077971676,
      "std": 0.002410503156220041,
      "cv": 0.0020006943206336445,
      "n": 3
    },
    "32": {
      "mean": 1.171464049407804,
      "std": 0.00038195361217517273,
      "cv": 0.0003260480868945634,
      "n": 3
    },
    "52": {
      "mean": 1.2160683070194072,
      "std": 0.0006126602922382259,
      "cv": 0.0005038041767076892,
      "n": 3
    },
    "53": {
      "mean": 1.1517187113540295,
      "std": 0.0003765994336785715,
      "cv": 0.00032698907290984154,
      "n": 3
    },
    "54": {
      "mean": 1.1895357504859634,
      "std": 0.0007957296319869719,
      "cv": 0.0006689413341817519,
      "n": 3
    },
    "55": {
      "mean": 1.1338543114128896,
      "std": 0.0010496570852963564,
      "cv": 0.0009257424650865282,
      "n": 3
    },
    "56": {
      "mean": 1.0917152822195708,
      "std": 0.0011973194039102083,
      "cv": 0.0010967322922107799,
      "n": 3
    },
    "57": {
      "mean": 1.1310986310977003,
      "std": 0.0014263262596760449,
      "cv": 0.0012610096241490755,
      "n": 3
    },
    "58": {
      "mean": 1.1395187560054465,
      "std": 0.0004923764593678291,
      "cv": 0.00043209157968916815,
      "n": 3
    },
    "59": {
      "mean": 1.100924905787977,
      "std": 0.0007624257303308742,
      "cv": 0.0006925320031570862,
      "n": 3
    },
    "62": {
      "mean": 1.3754756314484529,
      "std": 0.00029350155795870246,
      "cv": 0.0002133818667871483,
      "n": 3
    },
    "80": {
      "mean": 1.1217754961383473,
      "std": 0.0005723083454976333,
      "cv": 0.0005101808226938228,
      "n": 3
    },
    "901": {
      "mean": 1.1696652175773408,
      "std": 0.0001920811790900402,
      "cv": 0.00016421893735361876,
      "n": 3
    },
    "11948": {
      "mean": 1.2494518686639204,
      "std": 0.0010134774374863753,
      "cv": 0.0008111376379548895,
      "n": 3
    },
    "14107": {
      "mean": 1.176129170374695,
      "std": 0.0003485123516092034,
      "cv": 0.00029632149290045515,
      "n": 3
    }
  },
  "group_axis": "seq_len"
}