{
  "operator": "moe_fp8_block_scale_ds_routing_topk8_ng8_kg4_e32_h7168_i2048",
  "source": "expert",
  "environment": {
    "gpu": "b200",
    "backend": "modal",
    "cuda_version": "13.0",
    "measured_at": "2026-05-23T12:37:09"
  },
  "benchmark_config": {
    "warmup_runs": 3,
    "iterations": 100,
    "num_trials": 5
  },
  "workloads": {
    "b8f4f012-a32e-4356-b4e1-7665b3d598af": {
      "reference_latency_ms": 0.1385465
    },
    "e05c6c03-5603-4a1c-b34c-dcce0ecaeea4": {
      "reference_latency_ms": 0.1059358
    },
    "6230e838-67ca-41dd-a9d6-6f36b7676c6b": {
      "reference_latency_ms": 0.23557999999999998
    },
    "8f1ff9f1-6747-41d1-a1d8-2868cdacf893": {
      "reference_latency_ms": 0.3066582
    },
    "1a4c6ba1-3cd2-4d7d-b716-84f2d52b69fc": {
      "reference_latency_ms": 0.3977075
    },
    "a7c2bcfd-a2f4-479e-8d32-200115df89cf": {
      "reference_latency_ms": 0.1853401
    },
    "2e69caee-ae5c-473b-aa99-5dc6659829d4": {
      "reference_latency_ms": 0.1399195
    },
    "8cba5890-4288-448a-93b8-42c14c6b9420": {
      "reference_latency_ms": 0.1693561
    },
    "5e8dc11c-f2a9-42d5-8dce-9419cbf34d5d": {
      "reference_latency_ms": 2.3882856
    },
    "58a34f27-7995-4155-8b46-f60a7225e20e": {
      "reference_latency_ms": 1.7417635
    },
    "5eadab1e-a0e3-4966-b0fd-1115cd77497c": {
      "reference_latency_ms": 0.2287894
    },
    "eedc63b2-c03b-4cf2-8d16-1f46566e3af7": {
      "reference_latency_ms": 0.23746140000000002
    },
    "e626d3e6-6c29-4fd8-bb7c-5b09eec61702": {
      "reference_latency_ms": 0.2706229
    },
    "74d7ff04-0365-4cf8-a824-ce61b7131dea": {
      "reference_latency_ms": 0.2595193
    },
    "4822167c-dae5-4bb1-bb53-e4adb256245b": {
      "reference_latency_ms": 0.26657159999999996
    },
    "81955b1e-086f-49c1-9f40-a18a5aaf509d": {
      "reference_latency_ms": 0.2552471
    },
    "76010cb4-f73c-4145-8365-8642a2ce99de": {
      "reference_latency_ms": 0.2487894
    },
    "fc378037-e8fa-4305-b00f-4af47933fd53": {
      "reference_latency_ms": 0.25959909999999997
    },
    "f7d6ac7c-24ec-47e4-aefc-4863a5e3e1d9": {
      "reference_latency_ms": 0.2059193
    }
  }
}