{
  "timestamp": "2026-05-22T06:20:09.950643",
  "backend": "modal-b200",
  "n_runs": 3,
  "solution_name": "mla_paged_prefill_causal_h16_ckv512_kpe64_ps1-solution",
  "definition": "mla_paged_prefill_causal_h16_ckv512_kpe64_ps1",
  "scores": [
    1.4543349960988048,
    1.4576743109209145,
    1.4582001637642361
  ],
  "score_mean": 1.4567364902613185,
  "score_std": 0.0020963088900846165,
  "score_cv": 0.0014390446756149889,
  "score_min": 1.4543349960988048,
  "score_max": 1.4582001637642361,
  "per_workload": {
    "3bdcf0e1-3855-44b4-9ef2-db4422074531": {
      "mean": 1.5302622397252035,
      "std": 0.052047335211967534,
      "cv": 0.03401203653911889,
      "n": 3
    },
    "71df32c9-6f0f-4499-8599-c632f94ca83e": {
      "mean": 1.9570277645082845,
      "std": 0.061772743951775885,
      "cv": 0.03156457208837641,
      "n": 3
    },
    "6c8fe593-d2b1-4abe-89e3-51bb93638186": {
      "mean": 1.527731010615531,
      "std": 0.032588931246592706,
      "cv": 0.021331589802227324,
      "n": 3
    },
    "b270fd9c-8520-4bf1-87b7-f0bd87326ab6": {
      "mean": 1.4537348530428926,
      "std": 0.02344786260173313,
      "cv": 0.016129394265159917,
      "n": 3
    },
    "cb60b649-f5da-49a7-b21e-0b9022bf9ff1": {
      "mean": 1.545717591615892,
      "std": 0.02411905564767858,
      "cv": 0.015603791907721343,
      "n": 3
    },
    "5ca61491-4ac7-426f-af85-cf592620a435": {
      "mean": 1.528797529898995,
      "std": 0.017338055003883766,
      "cv": 0.011340975286000927,
      "n": 3
    },
    "98814691-2060-4bbe-8158-7bdd6868e7d0": {
      "mean": 1.5071294112188331,
      "std": 0.008839898698230287,
      "cv": 0.00586538795701781,
      "n": 3
    },
    "ed999c80-d4d1-4952-b063-cd39dfbf5612": {
      "mean": 1.1756952652461945,
      "std": 0.005077534085017754,
      "cv": 0.004318750134589086,
      "n": 3
    },
    "7e602557-ff89-41a1-8650-6c3e48fdf52a": {
      "mean": 1.369328836313632,
      "std": 0.005786379860651095,
      "cv": 0.0042257051098322,
      "n": 3
    },
    "9265de63-6831-406b-b449-8bee4be7f372": {
      "mean": 2.05729426552318,
      "std": 0.005380840326713775,
      "cv": 0.0026154937661994606,
      "n": 3
    },
    "bb28f188-53a9-45d4-89f3-b6bfe4b5fdb8": {
      "mean": 0.8139589236057883,
      "std": 0.0018251617580979937,
      "cv": 0.0022423266152211204,
      "n": 3
    },
    "473e30ea-b329-4ef7-9961-7de140fd35da": {
      "mean": 2.372434725347075,
      "std": 0.005265358129130057,
      "cv": 0.00221939009443548,
      "n": 3
    },
    "77573fb4-557b-430d-979f-5579a0349825": {
      "mean": 1.1714001031542187,
      "std": 0.0022626884048040983,
      "cv": 0.0019316102147433462,
      "n": 3
    },
    "77737de2-b4e3-4f75-a275-2addbc9e175d": {
      "mean": 0.9151310944684595,
      "std": 0.001559760305518965,
      "cv": 0.0017044118760109763,
      "n": 3
    },
    "6e3567c4-94d7-462d-b0af-b083ff8a9def": {
      "mean": 1.9010888064872085,
      "std": 0.002771065417884984,
      "cv": 0.0014576201850376995,
      "n": 3
    },
    "d44f32e1-f92e-4f37-ae26-29d71b0b105a": {
      "mean": 1.125064284928915,
      "std": 0.0016345440234689082,
      "cv": 0.0014528450021610842,
      "n": 3
    },
    "d30e4c23-bb35-4f61-adb9-2163db9f5ea7": {
      "mean": 2.3603608600272477,
      "std": 0.002877543850262373,
      "cv": 0.0012191118311583743,
      "n": 3
    },
    "bda0e743-f862-4800-95e4-a7c5717c8e7e": {
      "mean": 1.0597676655872763,
      "std": 0.0012899272902387419,
      "cv": 0.0012171793234736232,
      "n": 3
    },
    "892d1b8f-f6fe-40ad-aa3f-b6d391753bd3": {
      "mean": 0.8491509017684375,
      "std": 0.0010038395718024729,
      "cv": 0.0011821686460108344,
      "n": 3
    },
    "d88c9577-ac5d-414c-9d57-d91cc14b7eed": {
      "mean": 1.4867530236046653,
      "std": 0.0016837178488547924,
      "cv": 0.001132479855176337,
      "n": 3
    },
    "7572654f-7994-431a-bed1-65d7ec507b10": {
      "mean": 1.588957100668607,
      "std": 0.0017354475332191218,
      "cv": 0.0010921928178481812,
      "n": 3
    },
    "a8cff3c6-0976-4dbb-833f-481091dc6a39": {
      "mean": 2.252008465076916,
      "std": 0.0021736987068939713,
      "cv": 0.0009652267034527908,
      "n": 3
    },
    "4eeb9b51-ce9b-40a3-9f8f-2604fed79629": {
      "mean": 1.313789705412167,
      "std": 0.001268002933491168,
      "cv": 0.0009651490860886031,
      "n": 3
    },
    "9722a8a5-542e-4b96-b962-7ae93eb259ac": {
      "mean": 1.7401800529257865,
      "std": 0.0016072274094157371,
      "cv": 0.0009235983407081845,
      "n": 3
    },
    "22689bbd-cd9e-4251-a90e-a2d367ddb7d8": {
      "mean": 0.8978240287253124,
      "std": 0.0007459475165274271,
      "cv": 0.0008308393322759335,
      "n": 3
    },
    "a6fbb45c-905c-48b3-a74b-cc18bd963220": {
      "mean": 2.3686949778430813,
      "std": 0.001960687529317355,
      "cv": 0.0008277501103593949,
      "n": 3
    },
    "733a7bbe-55fc-4834-82db-f428949e8ab2": {
      "mean": 0.8602515131648781,
      "std": 0.0005411050928724898,
      "cv": 0.0006290080105546762,
      "n": 3
    },
    "f96b666d-373d-40ee-ad8d-0c3b74374558": {
      "mean": 1.5810635383753255,
      "std": 0.0008906152788041028,
      "cv": 0.0005633013836491886,
      "n": 3
    },
    "e6f75600-c981-4c46-9e7d-d82b41cff36c": {
      "mean": 2.372965583484573,
      "std": 0.0012428004283517534,
      "cv": 0.0005237330187177715,
      "n": 3
    },
    "053a88a3-d024-4fbe-bc46-3f49d141de9f": {
      "mean": 0.9040628499274493,
      "std": 0.0004068551859803525,
      "cv": 0.000450029758454296,
      "n": 3
    },
    "805238ee-8470-4f4e-aa41-7c15f785173f": {
      "mean": 0.9002712349665265,
      "std": 0.0003672523924418829,
      "cv": 0.0004079352734795952,
      "n": 3
    },
    "74202b1d-e57c-424d-93ea-396a614e7864": {
      "mean": 0.9111518869159773,
      "std": 0.0003055031360990233,
      "cv": 0.00033529331441443374,
      "n": 3
    },
    "55b51e96-eecc-4dc9-814a-0f1301b2951e": {
      "mean": 2.1287243993756,
      "std": 0.0007012892548852913,
      "cv": 0.0003294410751767557,
      "n": 3
    },
    "0e70750d-4274-4a1f-a626-0c981044138d": {
      "mean": 0.9220676782748903,
      "std": 0.0002765293011055993,
      "cv": 0.00029990130618498843,
      "n": 3
    },
    "54187805-1b18-4d39-83ca-46332f85da9e": {
      "mean": 0.9509943010557685,
      "std": 0.00012825932484809976,
      "cv": 0.00013486865768355254,
      "n": 3
    },
    "a06f2653-81ce-449f-91dd-e5ae53a16b92": {
      "mean": 0.9342610806996764,
      "std": 4.1830192846024825e-05,
      "cv": 4.4773558173586575e-05,
      "n": 3
    },
    "fe63f292-d826-4950-8785-0a516707527f": {
      "mean": 0.9544532267019644,
      "std": 2.5895202072754687e-05,
      "cv": 2.71309283140395e-05,
      "n": 3
    },
    "a455e8fb-76b9-49ee-8bfb-4ac63bcd571c": {
      "mean": 2.0664358496476756,
      "std": 3.540614589296894e-05,
      "cv": 1.7133919690275234e-05,
      "n": 3
    }
  },
  "per_group": {
    "1": {
      "mean": 2.3603608600272477,
      "std": 0.002877543850262373,
      "cv": 0.0012191118311583743,
      "n": 3
    },
    "2": {
      "mean": 2.0664358496476756,
      "std": 3.540614589296894e-05,
      "cv": 1.7133919690275234e-05,
      "n": 3
    },
    "3": {
      "mean": 1.5302622397252035,
      "std": 0.052047335211967534,
      "cv": 0.03401203653911889,
      "n": 3
    },
    "4": {
      "mean": 2.05729426552318,
      "std": 0.005380840326713775,
      "cv": 0.0026154937661994606,
      "n": 3
    },
    "5": {
      "mean": 1.528797529898995,
      "std": 0.017338055003883766,
      "cv": 0.011340975286000927,
      "n": 3
    },
    "6": {
      "mean": 1.9570277645082845,
      "std": 0.061772743951775885,
      "cv": 0.03156457208837641,
      "n": 3
    },
    "8": {
      "mean": 1.4867530236046653,
      "std": 0.0016837178488547924,
      "cv": 0.001132479855176337,
      "n": 3
    },
    "10": {
      "mean": 1.4537348530428926,