{
  "operator": "gdn_prefill_qk4_v8_d128_k_last",
  "source": "expert",
  "environment": {
    "gpu": "B200",
    "backend": "modal",
    "cuda_version": "13.2",
    "measured_at": "2026-04-23T23:20:50"
  },
  "benchmark_config": {
    "warmup_runs": 1,
    "iterations": 5,
    "num_trials": 3
  },
  "workloads": {
    "77daf91d-0660-4c4b-8c32-336a69281cd9": {
      "reference_latency_ms": 0.115295
    },
    "ba08a83e-e151-4e16-bc70-abee6851604c": {
      "reference_latency_ms": 0.14868166666666668
    },
    "c7846f96-c9ff-44d3-94ab-5eab99a1431b": {
      "reference_latency_ms": 0.14751899999999998
    },
    "d0ce7b5d-49e2-4a0b-b2ce-a087139b7d6b": {
      "reference_latency_ms": 0.5580136666666666
    },
    "5b8a0e4b-5ed7-45d0-aec3-c2c154e515b1": {
      "reference_latency_ms": 0.7406683333333334
    },
    "5d3fc66a-6bba-4602-8319-a1da07045354": {
      "reference_latency_ms": 0.746824
    },
    "4b6143dd-0e5f-499f-93cb-076d9635bcd0": {
      "reference_latency_ms": 0.21306599999999998
    },
    "5835a2bc-8d60-43fc-b1ed-d4729ea62693": {
      "reference_latency_ms": 0.757288
    },
    "cc310f94-60ea-4dcd-9e63-135dea91b83a": {
      "reference_latency_ms": 0.6756783333333333
    },
    "d49df0b2-7838-4865-9a51-7ec7877fe27f": {
      "reference_latency_ms": 0.7733833333333333
    },
    "e9e1e445-b41a-404b-a20f-bc869acc6cf0": {
      "reference_latency_ms": 0.7062373333333333
    },
    "b8c8dc3c-3dfe-4334-a784-c477213e2f1a": {
      "reference_latency_ms": 0.712637
    },
    "a9540651-862b-44af-ad75-57e2d9caf37a": {
      "reference_latency_ms": 0.7356346666666665
    },
    "06f21bb1-6cbd-4d55-b620-fb4d62181a71": {
      "reference_latency_ms": 0.6702053333333332
    },
    "c2931c92-bbe9-43d9-bc55-9aed77901266": {
      "reference_latency_ms": 0.6809043333333333
    },
    "618df04a-540c-42fd-b2ce-285dfdf78422": {
      "reference_latency_ms": 0.569951
    },
    "26244fb4-d295-4d4b-bf61-235d17fd0149": {
      "reference_latency_ms": 0.9343106666666667
    },
    "a2629e02-611f-4264-8ee7-5c431f5fee4f": {
      "reference_latency_ms": 0.9446153333333335
    },
    "9a5d694b-7d4c-4ee6-8315-a13053ab6f92": {
      "reference_latency_ms": 0.8532446666666668
    },
    "410794d4-6f70-4bb4-aed1-4669be9a610f": {
      "reference_latency_ms": 0.7642853333333334
    },
    "7ba9d519-7c0b-4eac-b2ad-ae403dce2f95": {
      "reference_latency_ms": 0.37358766666666665
    },
    "043e74e4-0297-4988-808a-0090be48a90e": {
      "reference_latency_ms": 0.108586
    },
    "ef9515b6-ad88-4a3e-bd89-31384ddd53ad": {
      "reference_latency_ms": 0.10625066666666667
    },
    "f622a11d-8b79-40b6-9949-5509afe827c8": {
      "reference_latency_ms": 0.10781833333333334
    },
    "1cf8e175-9f87-4add-984a-6c87a380fe9d": {
      "reference_latency_ms": 0.10990866666666667
    },
    "9343fd82-a06d-493a-9918-1044b0c1cbd1": {
      "reference_latency_ms": 0.11073033333333333
    },
    "f4926229-e4ba-49a3-8b2f-df2ec79c333b": {
      "reference_latency_ms": 0.244852
    },
    "109addb1-15e0-4ff2-9b39-df3e79746af0": {
      "reference_latency_ms": 0.36597166666666664
    },
    "c5257f65-c411-4dbb-9dc1-ad4abcf00254": {
      "reference_latency_ms": 0.22553466666666666
    },
    "f5619793-6267-4a96-8a23-6c6a937183e7": {
      "reference_latency_ms": 0.22074633333333335
    },
    "fdf5f1f4-1135-4d3f-99e4-8965958317fc": {
      "reference_latency_ms": 0.12179133333333332
    },
    "87bff084-1b7a-478e-99fd-5952c989d80e": {
      "reference_latency_ms": 0.10966333333333333
    },
    "e92dafeb-3d50-4bce-90c3-6d0172e189d3": {
      "reference_latency_ms": 0.12757233333333332
    },
    "1d0cc342-9e3d-41e3-9ade-532551f86c17": {
      "reference_latency_ms": 0.15759933333333334
    },
    "1b441950-6f77-4565-bada-12294714fb26": {
      "reference_latency_ms": 0.10873500000000001
    },
    "19c6ab20-df55-4b2c-b9a7-d76870b50e3e": {
      "reference_latency_ms": 0.11387666666666667
    },
    "25d9c14d-90ad-442d-8b0f-9452ad198832": {
      "reference_latency_ms": 0.12411666666666665
    },
    "3215fe5f-4a3b-4eb6-af20-4e17368d87a9": {
      "reference_latency_ms": 0.153301
    },
    "6f1ad833-3d8a-4613-b5bd-a5d69263db1d": {
      "reference_latency_ms": 0.308958
    },
    "e44ba4d3-b2d7-4a2a-b860-0fcbdda6c351": {
      "reference_latency_ms": 0.21949733333333332
    },
    "fc7a2bcb-25d4-4840-a095-959499223267": {
      "reference_latency_ms": 0.11559366666666666
    },
    "5d26ac5b-3c04-409d-a80d-5f1ac455916c": {
      "reference_latency_ms": 0.12702833333333333
    },
    "ed66c791-0393-45d5-946b-4cd5d3e8b395": {
      "reference_latency_ms": 0.121834
    },
    "ba95d412-06d5-47d9-99b8-185146c2f869": {
      "reference_latency_ms": 0.15408933333333333
    },
    "078a41ea-3a59-4b4f-b3c2-95cb6e538a6e": {
      "reference_latency_ms": 0.121695
    },
    "d2b5a221-f890-4cdd-83bc-bdbff1f0d0b0": {
      "reference_latency_ms": 0.11227633333333333
    },
    "aaa378be-7365-4381-b2d3-35951ef88c7a": {
      "reference_latency_ms": 0.26411500000000004
    },
    "c2bb4f66-6955-4e0f-b223-b802c1cd2348": {
      "reference_latency_ms": 0.27106966666666665
    },
    "f2f01c2c-3327-4cae-a0d6-a12ec0e94fc3": {
      "reference_latency_ms": 0.11543366666666667
    },
    "15856e8c-d105-478d-b0de-4ef8141b5a77": {
      "reference_latency_ms": 0.35926100000000005
    },
    "a39aa135-dd03-4abb-862d-020cf52fc7dd": {
      "reference_latency_ms": 0.12489466666666667
    },
    "339a7ff4-0a55-40d0-99d1-f33e3b1ffe4a": {
      "reference_latency_ms": 0.10617533333333333
    },
    "d8f4a9ae-d391-4f70-8069-f5deb510a2d1": {
      "reference_latency_ms": 0.12685766666666667
    },
    "d3dc3577-8a65-4937-a63a-4aa7204181a7": {
      "reference_latency_ms": 0.128884
    },
    "ce832e76-c4c2-421f-ad75-ebda2032c401": {
      "reference_latency_ms": 0.18118199999999998
    },
    "6fbc155c-fcd0-4423-b1bf-970eef91d99b": {
      "reference_latency_ms": 0.19687266666666667
    },
    "a87ded8a-8202-405c-8ced-17521a8c8379": {
      "reference_latency_ms": 0.27995466666666663
    },
    "62447caf-853a-4bf8-a62e-d12885248881": {
      "reference_latency_ms": 0.12693233333333334
    },
    "fd072ba6-2190-4ce6-b96c-5212d4caf6a0": {
      "reference_latency_ms": 0.12299566666666666
    },
    "35ea9bbe-0189-4089-878c-4fc21461297e": {
      "reference_latency_ms": 0.12115100000000001
    },
    "1aa8cf18-0fca-4e32-a7ff-7ed29d24a3d2": {
      "reference_latency_ms": 0.137012
    },
    "d5f5c00c-c159-45c8-aa2a-2bb8a00e2fe8": {
      "reference_latency_ms": 0.11817466666666665
    },
    "d5aa60dc-f159-4d02-a1d4-f68bd2a62f33": {
      "reference_latency_ms": 0.155316
    },
    "28b70283-08fd-4eb9-8831-147abbf8d0f2": {
      "reference_latency_ms": 0.11541266666666668
    },
    "73b8cc85-11ec-4ac4-8469-fce7b52ee44a": {
      "reference_latency_ms": 0.11721533333333334
    },
    "2683c087-e726-4a48-af25-674a95a889f2": {
      "reference_latency_ms": 0.12402066666666667
    },
    "4b94d568-35ce-45a5-91eb-f8dc4b7077a7": {
      "reference_latency_ms": 0.175903
    },
    "a0eb2dc2-9de3-47fc-8ab4-0beee6150015": {
      "reference_latency_ms": 0.12385033333333333
    },
    "f3d30cb9-65d2-452a-92ef-10fb8b78473d": {
      "reference_latency_ms": 0.115882
    },
    "7a7deca8-255f-4400-9fc6-367d4671ddcc": {
      "reference_latency_ms": 0.117226
    },
    "977d19f8-5d0f-4c19-91e0-b05b500b34fc": {
      "reference_latency_ms": 0.122367
    },
    "02c1e5f0-0d21-4c3c-a22d-40ad45a93549": {
      "reference_latency_ms": 0.11505
    },
    "5a91aa02-8cee-49f9-aa2b-145d6e254ee4": {
      "reference_latency_ms": 0.165663
    },
    "8e7ef744-5f4e-40e7-aae3-471e013657bd": {
      "reference_latency_ms": 0.122538
    },
    "85d7becb-2969-4cc8-9120-1ec26a78d258": {
      "reference_latency_ms": 0.12131133333333333
    },
    "e286a4f4-4a93-43bd-9465-b2915f0f8f96": {
      "reference_latency_ms": 0.23729933333333333
    },